#
# There is insufficient memory for the Java Runtime Environment to continue.
# Native memory allocation (malloc) failed to allocate 2243696 bytes for Chunk::new
# Possible reasons:
#   The system is out of physical RAM or swap space
#   The process is running with CompressedOops enabled, and the Java Heap may be blocking the growth of the native heap
# Possible solutions:
#   Reduce memory load on the system
#   Increase physical memory or swap space
#   Check if swap backing store is full
#   Decrease Java heap size (-Xmx/-Xms)
#   Decrease number of Java threads
#   Decrease Java thread stack sizes (-Xss)
#   Set larger code cache with -XX:ReservedCodeCacheSize=
#   JVM is running with Zero Based Compressed Oops mode in which the Java heap is
#     placed in the first 32GB address space. The Java Heap base address is the
#     maximum limit for the native heap growth. Please use -XX:HeapBaseMinAddress
#     to set the Java Heap base and to place the Java Heap above 32GB virtual address.
# This output file may be truncated or incomplete.
#
#  Out of Memory Error (arena.cpp:168), pid=69872, tid=87852
#
# JRE version: OpenJDK Runtime Environment (21.0.1+12) (build 21.0.1+12-29)
# Java VM: OpenJDK 64-Bit Server VM (21.0.1+12-29, mixed mode, sharing, tiered, compressed oops, compressed class ptrs, g1 gc, windows-amd64)
# No core dump will be written. Minidumps are not enabled by default on client versions of Windows
#

---------------  S U M M A R Y ------------

Command Line: -Dvaadin.copilot.pluginDotFilePath=C:\Yussuf\Etudes\UQTR\Automne 2025\Projet\SmartAi_RH\S_hpc\S_hpc\.idea\.copilot-plugin -javaagent:C:\Users\Youssouf\AppData\Local\Programs\IntelliJ IDEA Ultimate\lib\idea_rt.jar=52617 -Dfile.encoding=UTF-8 -Dsun.stdout.encoding=UTF-8 -Dsun.stderr.encoding=UTF-8 YF.S_hpc.SHpcApplication

Host: 11th Gen Intel(R) Core(TM) i5-1155G7 @ 2.50GHz, 8 cores, 11G,  Windows 11 , 64 bit Build 26100 (10.0.26100.7705)
Time: Mon Feb  2 03:21:45 2026 Est elapsed time: 43.701351 seconds (0d 0h 0m 43s)

---------------  T H R E A D  ---------------

Current thread (0x00000293b1ebdcd0):  JavaThread "C2 CompilerThread0" daemon [_thread_in_native, id=87852, stack(0x000000f830600000,0x000000f830700000) (1024K)]


Current CompileTask:
C2:  43701 9305       4       com.vaadin.flow.internal.AnnotationReader::getAnnotationsFor (129 bytes)

Stack: [0x000000f830600000,0x000000f830700000]
Native frames: (J=compiled Java code, j=interpreted, Vv=VM code, C=native code)
V  [jvm.dll+0x6c9029]
V  [jvm.dll+0x854b81]
V  [jvm.dll+0x856e5e]
V  [jvm.dll+0x857543]
V  [jvm.dll+0x280c06]
V  [jvm.dll+0xc3ead]
V  [jvm.dll+0xc43c3]
V  [jvm.dll+0x3b5732]
V  [jvm.dll+0x382475]
V  [jvm.dll+0x3818ea]
V  [jvm.dll+0x249ad0]
V  [jvm.dll+0x2490b1]
V  [jvm.dll+0x1c9ca1]
V  [jvm.dll+0x2586b9]
V  [jvm.dll+0x256c9a]
V  [jvm.dll+0x3ef1b6]
V  [jvm.dll+0x7fd728]
V  [jvm.dll+0x6c777d]
C  [ucrtbase.dll+0x37b0]
C  [KERNEL32.DLL+0x2e8d7]
C  [ntdll.dll+0x8c40c]


---------------  P R O C E S S  ---------------

Threads class SMR info:
_java_thread_list=0x00000293fe5786a0, length=48, elements={
0x00000293b1ea5380, 0x00000293b1ea8a50, 0x00000293b1eab5e0, 0x00000293b1eac490,
0x00000293b1eaeb60, 0x00000293b1eba240, 0x00000293b1ebdcd0, 0x00000293b1ebe770,
0x00000293b2623f70, 0x00000293f8673740, 0x00000293f8673db0, 0x00000293f9ce43e0,
0x00000293f9ce4a70, 0x00000293f9ce15f0, 0x00000293f9ce1c80, 0x00000293fb16ef60,
0x00000293fb16fc80, 0x00000293fb16e240, 0x00000293fb170310, 0x00000293fb16e8d0,
0x00000293fb1709a0, 0x00000293fb171030, 0x00000293fb16dbb0, 0x00000293fb1723e0,
0x00000293fb1716c0, 0x00000293fb172a70, 0x00000293fb171d50, 0x00000293fb173100,
0x00000293fb173790, 0x00000293fb173e20, 0x00000293fb1744b0, 0x000002938dcffb70,
0x000002938dd00f20, 0x000002938dcfee50, 0x000002938dd00200, 0x000002938dcfdaa0,
0x000002938dd015b0, 0x000002938dd00890, 0x000002938dd01c40, 0x000002938dcfe7c0,
0x000002938dd02ff0, 0x000002938dd02960, 0x00000293fb5aecf0, 0x000002938dd03d10,
0x000002938dd043a0, 0x00000293fcb54f90, 0x00000293fcb53550, 0x00000293fcb54270
}

Java Threads: ( => current thread )
  0x00000293b1ea5380 JavaThread "Reference Handler"          daemon [_thread_blocked, id=13564, stack(0x000000f830000000,0x000000f830100000) (1024K)]
  0x00000293b1ea8a50 JavaThread "Finalizer"                  daemon [_thread_blocked, id=6300, stack(0x000000f830100000,0x000000f830200000) (1024K)]
  0x00000293b1eab5e0 JavaThread "Signal Dispatcher"          daemon [_thread_blocked, id=69236, stack(0x000000f830200000,0x000000f830300000) (1024K)]
  0x00000293b1eac490 JavaThread "Attach Listener"            daemon [_thread_blocked, id=49648, stack(0x000000f830300000,0x000000f830400000) (1024K)]
  0x00000293b1eaeb60 JavaThread "Service Thread"             daemon [_thread_blocked, id=89908, stack(0x000000f830400000,0x000000f830500000) (1024K)]
  0x00000293b1eba240 JavaThread "Monitor Deflation Thread"   daemon [_thread_blocked, id=78172, stack(0x000000f830500000,0x000000f830600000) (1024K)]
=>0x00000293b1ebdcd0 JavaThread "C2 CompilerThread0"         daemon [_thread_in_native, id=87852, stack(0x000000f830600000,0x000000f830700000) (1024K)]
  0x00000293b1ebe770 JavaThread "C1 CompilerThread0"         daemon [_thread_blocked, id=85436, stack(0x000000f830700000,0x000000f830800000) (1024K)]
  0x00000293b2623f70 JavaThread "Common-Cleaner"             daemon [_thread_blocked, id=10896, stack(0x000000f830800000,0x000000f830900000) (1024K)]
  0x00000293f8673740 JavaThread "Monitor Ctrl-Break"         daemon [_thread_in_native, id=88032, stack(0x000000f830900000,0x000000f830a00000) (1024K)]
  0x00000293f8673db0 JavaThread "Notification Thread"        daemon [_thread_blocked, id=86496, stack(0x000000f830a00000,0x000000f830b00000) (1024K)]
  0x00000293f9ce43e0 JavaThread "PostgreSQL-JDBC-Cleaner"    daemon [_thread_blocked, id=89204, stack(0x000000f831800000,0x000000f831900000) (1024K)]
  0x00000293f9ce4a70 JavaThread "HikariPool-1 housekeeper"   daemon [_thread_blocked, id=83972, stack(0x000000f831900000,0x000000f831a00000) (1024K)]
  0x00000293f9ce15f0 JavaThread "JNA Cleaner"                daemon [_thread_blocked, id=82564, stack(0x000000f830b00000,0x000000f830c00000) (1024K)]
  0x00000293f9ce1c80 JavaThread "ForkJoinPool.commonPool-worker-1" daemon [_thread_blocked, id=87280, stack(0x000000f831d00000,0x000000f831e00000) (1024K)]
  0x00000293fb16ef60 JavaThread "ForkJoinPool.commonPool-worker-2" daemon [_thread_blocked, id=94660, stack(0x000000f832000000,0x000000f832100000) (1024K)]
  0x00000293fb16fc80 JavaThread "ForkJoinPool.commonPool-worker-3" daemon [_thread_blocked, id=92164, stack(0x000000f832300000,0x000000f832400000) (1024K)]
  0x00000293fb16e240 JavaThread "ForkJoinPool.commonPool-worker-4" daemon [_thread_blocked, id=13720, stack(0x000000f832400000,0x000000f832500000) (1024K)]
  0x00000293fb170310 JavaThread "Catalina-utility-1"                [_thread_blocked, id=92620, stack(0x000000f832500000,0x000000f832600000) (1024K)]
  0x00000293fb16e8d0 JavaThread "http-nio-8091-exec-1"       daemon [_thread_blocked, id=84328, stack(0x000000f832600000,0x000000f832700000) (1024K)]
  0x00000293fb1709a0 JavaThread "http-nio-8091-exec-2"       daemon [_thread_blocked, id=78192, stack(0x000000f832700000,0x000000f832800000) (1024K)]
  0x00000293fb171030 JavaThread "http-nio-8091-exec-3"       daemon [_thread_blocked, id=13104, stack(0x000000f832800000,0x000000f832900000) (1024K)]
  0x00000293fb16dbb0 JavaThread "http-nio-8091-exec-4"       daemon [_thread_in_vm, id=65876, stack(0x000000f832900000,0x000000f832a00000) (1024K)]
  0x00000293fb1723e0 JavaThread "http-nio-8091-exec-5"       daemon [_thread_blocked, id=93412, stack(0x000000f832a00000,0x000000f832b00000) (1024K)]
  0x00000293fb1716c0 JavaThread "http-nio-8091-exec-6"       daemon [_thread_blocked, id=92788, stack(0x000000f832b00000,0x000000f832c00000) (1024K)]
  0x00000293fb172a70 JavaThread "http-nio-8091-exec-7"       daemon [_thread_blocked, id=76668, stack(0x000000f832c00000,0x000000f832d00000) (1024K)]
  0x00000293fb171d50 JavaThread "http-nio-8091-exec-8"       daemon [_thread_blocked, id=94124, stack(0x000000f832d00000,0x000000f832e00000) (1024K)]
  0x00000293fb173100 JavaThread "http-nio-8091-exec-9"       daemon [_thread_blocked, id=91648, stack(0x000000f832e00000,0x000000f832f00000) (1024K)]
  0x00000293fb173790 JavaThread "http-nio-8091-exec-10"      daemon [_thread_blocked, id=87888, stack(0x000000f832f00000,0x000000f833000000) (1024K)]
  0x00000293fb173e20 JavaThread "Catalina-utility-2"                [_thread_blocked, id=13432, stack(0x000000f833000000,0x000000f833100000) (1024K)]
  0x00000293fb1744b0 JavaThread "container-0"                       [_thread_blocked, id=76556, stack(0x000000f833100000,0x000000f833200000) (1024K)]
  0x000002938dcffb70 JavaThread "File Watcher"               daemon [_thread_blocked, id=26836, stack(0x000000f833200000,0x000000f833300000) (1024K)]
  0x000002938dd00f20 JavaThread "Live Reload Server"         daemon [_thread_in_native, id=34796, stack(0x000000f833400000,0x000000f833500000) (1024K)]
  0x000002938dcfee50 JavaThread "Atmosphere-Scheduler-0"     daemon [_thread_blocked, id=74308, stack(0x000000f833300000,0x000000f833400000) (1024K)]
  0x000002938dd00200 JavaThread "Atmosphere-Scheduler-1"     daemon [_thread_blocked, id=81004, stack(0x000000f833500000,0x000000f833600000) (1024K)]
  0x000002938dcfdaa0 JavaThread "Atmosphere-Shared-0"        daemon [_thread_blocked, id=89152, stack(0x000000f833600000,0x000000f833700000) (1024K)]
  0x000002938dd015b0 JavaThread "http-nio-8091-Poller"       daemon [_thread_in_native, id=92492, stack(0x000000f833700000,0x000000f833800000) (1024K)]
  0x000002938dd00890 JavaThread "http-nio-8091-Acceptor"     daemon [_thread_in_native, id=83668, stack(0x000000f833800000,0x000000f833900000) (1024K)]
  0x000002938dd01c40 JavaThread "Keep-Alive-Timer"           daemon [_thread_blocked, id=93176, stack(0x000000f833900000,0x000000f833a00000) (1024K)]
  0x000002938dcfe7c0 JavaThread "HttpClient-2-SelectorManager" daemon [_thread_in_native, id=92652, stack(0x000000f832100000,0x000000f832200000) (1024K)]
  0x000002938dd02ff0 JavaThread "DestroyJavaVM"                     [_thread_blocked, id=88856, stack(0x000000f82f800000,0x000000f82f900000) (1024K)]
  0x000002938dd02960 JavaThread "Live Reload #1"             daemon [_thread_in_native, id=88400, stack(0x000000f831200000,0x000000f831300000) (1024K)]
  0x00000293fb5aecf0 JavaThread "C2 CompilerThread1"         daemon [_thread_blocked, id=74844, stack(0x000000f831100000,0x000000f831200000) (1024K)]
  0x000002938dd03d10 JavaThread "Atmosphere-Scheduler-2"     daemon [_thread_blocked, id=76092, stack(0x000000f832200000,0x000000f832300000) (1024K)]
  0x000002938dd043a0 JavaThread "Atmosphere-Scheduler-3"     daemon [_thread_blocked, id=95152, stack(0x000000f833a00000,0x000000f833b00000) (1024K)]
  0x00000293fcb54f90 JavaThread "Atmosphere-Shared-0"        daemon [_thread_blocked, id=83392, stack(0x000000f833c00000,0x000000f833d00000) (1024K)]
  0x00000293fcb53550 JavaThread "Atmosphere-Scheduler-4"     daemon [_thread_blocked, id=74284, stack(0x000000f833d00000,0x000000f833e00000) (1024K)]
  0x00000293fcb54270 JavaThread "FileSystemWatchService"     daemon [_thread_in_native, id=13728, stack(0x000000f833b00000,0x000000f833c00000) (1024K)]
Total: 48

Other Threads:
  0x00000293b1e822c0 VMThread "VM Thread"                           [id=82208, stack(0x000000f82ff00000,0x000000f830000000) (1024K)]
  0x00000293b1e6c0b0 WatcherThread "VM Periodic Task Thread"        [id=10176, stack(0x000000f82fe00000,0x000000f82ff00000) (1024K)]
  0x00000293927fb5c0 WorkerThread "GC Thread#0"                     [id=66124, stack(0x000000f82f900000,0x000000f82fa00000) (1024K)]
  0x00000293f8a86400 WorkerThread "GC Thread#1"                     [id=72436, stack(0x000000f830d00000,0x000000f830e00000) (1024K)]
  0x00000293f8f5ceb0 WorkerThread "GC Thread#2"                     [id=91968, stack(0x000000f830e00000,0x000000f830f00000) (1024K)]
  0x00000293f8dbd540 WorkerThread "GC Thread#3"                     [id=2080, stack(0x000000f830f00000,0x000000f831000000) (1024K)]
  0x00000293f8aa5560 WorkerThread "GC Thread#4"                     [id=12768, stack(0x000000f831000000,0x000000f831100000) (1024K)]
  0x00000293f93827d0 WorkerThread "GC Thread#5"                     [id=61088, stack(0x000000f831300000,0x000000f831400000) (1024K)]
  0x00000293f9f262e0 WorkerThread "GC Thread#6"                     [id=91348, stack(0x000000f831500000,0x000000f831600000) (1024K)]
  0x00000293f9f26680 WorkerThread "GC Thread#7"                     [id=82056, stack(0x000000f831600000,0x000000f831700000) (1024K)]
  0x0000029392808070 ConcurrentGCThread "G1 Main Marker"            [id=8444, stack(0x000000f82fa00000,0x000000f82fb00000) (1024K)]
  0x00000293928099f0 WorkerThread "G1 Conc#0"                       [id=83160, stack(0x000000f82fb00000,0x000000f82fc00000) (1024K)]
  0x00000293f9f25ba0 WorkerThread "G1 Conc#1"                       [id=81068, stack(0x000000f831700000,0x000000f831800000) (1024K)]
  0x000002939283eba0 ConcurrentGCThread "G1 Refine#0"               [id=86808, stack(0x000000f82fc00000,0x000000f82fd00000) (1024K)]
  0x00000293b1d40940 ConcurrentGCThread "G1 Service"                [id=84688, stack(0x000000f82fd00000,0x000000f82fe00000) (1024K)]
Total: 15

Threads with active compile tasks:
C2 CompilerThread0    43732 9305       4       com.vaadin.flow.internal.AnnotationReader::getAnnotationsFor (129 bytes)
Total: 1

VM state: not at safepoint (normal execution)

VM Mutex/Monitor currently owned by a thread: None

Heap address: 0x0000000745200000, size: 2990 MB, Compressed Oops mode: Zero based, Oop shift amount: 3

CDS archive(s) mapped at: [0x00000293b3000000-0x00000293b3c90000-0x00000293b3c90000), size 13172736, SharedBaseAddress: 0x00000293b3000000, ArchiveRelocationMode: 1.
Compressed class space mapped at: 0x00000293b4000000-0x00000293f4000000, reserved size: 1073741824
Narrow klass base: 0x00000293b3000000, Narrow klass shift: 0, Narrow klass range: 0x100000000

GC Precious Log:
 CardTable entry size: 512
 Card Set container configuration: InlinePtr #cards 4 size 8 Array Of Cards #cards 16 size 48 Howl #buckets 8 coarsen threshold 3686 Howl Bitmap #cards 512 size 80 coarsen threshold 460 Card regions per heap region 1 cards per card region 4096
 CPUs: 8 total, 8 available
 Memory: 11955M
 Large Page Support: Disabled
 NUMA Support: Disabled
 Compressed Oops: Enabled (Zero based)
 Heap Region Size: 2M
 Heap Min Capacity: 8M
 Heap Initial Capacity: 188M
 Heap Max Capacity: 2990M
 Pre-touch: Disabled
 Parallel Workers: 8
 Concurrent Workers: 2
 Concurrent Refinement Workers: 8
 Periodic GC: Disabled

Heap:
 garbage-first heap   total 1366016K, used 958574K [0x0000000745200000, 0x0000000800000000)
  region size 2048K, 175 young (358400K), 1 survivors (2048K)
 Metaspace       used 99299K, committed 100096K, reserved 1179648K
  class space    used 13047K, committed 13376K, reserved 1048576K

Heap Regions: E=young(eden), S=young(survivor), O=old, HS=humongous(starts), HC=humongous(continues), CS=collection set, F=free, TAMS=top-at-mark-start, PB=parsable bottom
|   0|0x0000000745200000, 0x0000000745400000, 0x0000000745400000|100%| O|  |TAMS 0x0000000745200000| PB 0x0000000745200000| Untracked 
|   1|0x0000000745400000, 0x0000000745600000, 0x0000000745600000|100%| O|  |TAMS 0x0000000745400000| PB 0x0000000745400000| Untracked 
|   2|0x0000000745600000, 0x0000000745800000, 0x0000000745800000|100%| O|  |TAMS 0x0000000745600000| PB 0x0000000745600000| Untracked 
|   3|0x0000000745800000, 0x0000000745a00000, 0x0000000745a00000|100%| O|  |TAMS 0x0000000745800000| PB 0x0000000745800000| Untracked 
|   4|0x0000000745a00000, 0x0000000745c00000, 0x0000000745c00000|100%| O|  |TAMS 0x0000000745a00000| PB 0x0000000745a00000| Untracked 
|   5|0x0000000745c00000, 0x0000000745e00000, 0x0000000745e00000|100%| O|  |TAMS 0x0000000745c00000| PB 0x0000000745c00000| Untracked 
|   6|0x0000000745e00000, 0x0000000746000000, 0x0000000746000000|100%| O|  |TAMS 0x0000000745e00000| PB 0x0000000745e00000| Untracked 
|   7|0x0000000746000000, 0x0000000746200000, 0x0000000746200000|100%| O|  |TAMS 0x0000000746000000| PB 0x0000000746000000| Untracked 
|   8|0x0000000746200000, 0x0000000746400000, 0x0000000746400000|100%| O|  |TAMS 0x0000000746200000| PB 0x0000000746200000| Untracked 
|   9|0x0000000746400000, 0x0000000746600000, 0x0000000746600000|100%| O|  |TAMS 0x0000000746400000| PB 0x0000000746400000| Untracked 
|  10|0x0000000746600000, 0x0000000746800000, 0x0000000746800000|100%| O|  |TAMS 0x0000000746600000| PB 0x0000000746600000| Untracked 
|  11|0x0000000746800000, 0x0000000746a00000, 0x0000000746a00000|100%| O|  |TAMS 0x0000000746800000| PB 0x0000000746800000| Untracked 
|  12|0x0000000746a00000, 0x0000000746c00000, 0x0000000746c00000|100%| O|  |TAMS 0x0000000746a00000| PB 0x0000000746a00000| Untracked 
|  13|0x0000000746c00000, 0x0000000746e00000, 0x0000000746e00000|100%| O|  |TAMS 0x0000000746c00000| PB 0x0000000746c00000| Untracked 
|  14|0x0000000746e00000, 0x0000000747000000, 0x0000000747000000|100%| O|Cm|TAMS 0x0000000746e00000| PB 0x0000000746e00000| Complete 
|  15|0x0000000747000000, 0x0000000747200000, 0x0000000747200000|100%| O|  |TAMS 0x0000000747000000| PB 0x0000000747000000| Untracked 
|  16|0x0000000747200000, 0x0000000747400000, 0x0000000747400000|100%| O|Cm|TAMS 0x0000000747200000| PB 0x0000000747200000| Complete 
|  17|0x0000000747400000, 0x0000000747600000, 0x0000000747600000|100%| O|  |TAMS 0x0000000747400000| PB 0x0000000747400000| Untracked 
|  18|0x0000000747600000, 0x00000007477c3dc0, 0x0000000747800000| 88%| O|  |TAMS 0x0000000747600000| PB 0x0000000747600000| Untracked 
|  19|0x0000000747800000, 0x0000000747a00000, 0x0000000747a00000|100%| O|  |TAMS 0x0000000747800000| PB 0x0000000747800000| Untracked 
|  20|0x0000000747a00000, 0x0000000747c00000, 0x0000000747c00000|100%| O|  |TAMS 0x0000000747a00000| PB 0x0000000747a00000| Untracked 
|  21|0x0000000747c00000, 0x0000000747c00000, 0x0000000747e00000|  0%| F|  |TAMS 0x0000000747c00000| PB 0x0000000747c00000| Untracked 
|  22|0x0000000747e00000, 0x0000000748000000, 0x0000000748000000|100%| O|  |TAMS 0x0000000747e00000| PB 0x0000000747e00000| Untracked 
|  23|0x0000000748000000, 0x0000000748200000, 0x0000000748200000|100%| O|  |TAMS 0x0000000748000000| PB 0x0000000748000000| Untracked 
|  24|0x0000000748200000, 0x0000000748400000, 0x0000000748400000|100%| O|  |TAMS 0x0000000748200000| PB 0x0000000748200000| Untracked 
|  25|0x0000000748400000, 0x0000000748600000, 0x0000000748600000|100%| O|  |TAMS 0x0000000748400000| PB 0x0000000748400000| Untracked 
|  26|0x0000000748600000, 0x0000000748800000, 0x0000000748800000|100%| O|  |TAMS 0x0000000748600000| PB 0x0000000748600000| Untracked 
|  27|0x0000000748800000, 0x0000000748a00000, 0x0000000748a00000|100%| O|  |TAMS 0x0000000748800000| PB 0x0000000748800000| Untracked 
|  28|0x0000000748a00000, 0x0000000748c00000, 0x0000000748c00000|100%| O|  |TAMS 0x0000000748a00000| PB 0x0000000748a00000| Untracked 
|  29|0x0000000748c00000, 0x0000000748c00000, 0x0000000748e00000|  0%| F|  |TAMS 0x0000000748c00000| PB 0x0000000748c00000| Untracked 
|  30|0x0000000748e00000, 0x0000000748e00000, 0x0000000749000000|  0%| F|  |TAMS 0x0000000748e00000| PB 0x0000000748e00000| Untracked 
|  31|0x0000000749000000, 0x0000000749000000, 0x0000000749200000|  0%| F|  |TAMS 0x0000000749000000| PB 0x0000000749000000| Untracked 
|  32|0x0000000749200000, 0x0000000749200000, 0x0000000749400000|  0%| F|  |TAMS 0x0000000749200000| PB 0x0000000749200000| Untracked 
|  33|0x0000000749400000, 0x0000000749400000, 0x0000000749600000|  0%| F|  |TAMS 0x0000000749400000| PB 0x0000000749400000| Untracked 
|  34|0x0000000749600000, 0x0000000749600000, 0x0000000749800000|  0%| F|  |TAMS 0x0000000749600000| PB 0x0000000749600000| Untracked 
|  35|0x0000000749800000, 0x0000000749800000, 0x0000000749a00000|  0%| F|  |TAMS 0x0000000749800000| PB 0x0000000749800000| Untracked 
|  36|0x0000000749a00000, 0x0000000749a00000, 0x0000000749c00000|  0%| F|  |TAMS 0x0000000749a00000| PB 0x0000000749a00000| Untracked 
|  37|0x0000000749c00000, 0x0000000749c00000, 0x0000000749e00000|  0%| F|  |TAMS 0x0000000749c00000| PB 0x0000000749c00000| Untracked 
|  38|0x0000000749e00000, 0x0000000749e00000, 0x000000074a000000|  0%| F|  |TAMS 0x0000000749e00000| PB 0x0000000749e00000| Untracked 
|  39|0x000000074a000000, 0x000000074a200000, 0x000000074a200000|100%| O|  |TAMS 0x000000074a000000| PB 0x000000074a000000| Untracked 
|  40|0x000000074a200000, 0x000000074a400000, 0x000000074a400000|100%| O|  |TAMS 0x000000074a200000| PB 0x000000074a200000| Untracked 
|  41|0x000000074a400000, 0x000000074a600000, 0x000000074a600000|100%| O|  |TAMS 0x000000074a400000| PB 0x000000074a400000| Untracked 
|  42|0x000000074a600000, 0x000000074a800000, 0x000000074a800000|100%| O|  |TAMS 0x000000074a600000| PB 0x000000074a600000| Untracked 
|  43|0x000000074a800000, 0x000000074aa00000, 0x000000074aa00000|100%| O|  |TAMS 0x000000074a800000| PB 0x000000074a800000| Untracked 
|  44|0x000000074aa00000, 0x000000074ac00000, 0x000000074ac00000|100%| O|  |TAMS 0x000000074aa00000| PB 0x000000074aa00000| Untracked 
|  45|0x000000074ac00000, 0x000000074ae00000, 0x000000074ae00000|100%| O|  |TAMS 0x000000074ac00000| PB 0x000000074ac00000| Untracked 
|  46|0x000000074ae00000, 0x000000074b000000, 0x000000074b000000|100%| O|  |TAMS 0x000000074ae00000| PB 0x000000074ae00000| Untracked 
|  47|0x000000074b000000, 0x000000074b200000, 0x000000074b200000|100%| O|  |TAMS 0x000000074b000000| PB 0x000000074b000000| Untracked 
|  48|0x000000074b200000, 0x000000074b200000, 0x000000074b400000|  0%| F|  |TAMS 0x000000074b200000| PB 0x000000074b200000| Untracked 
|  49|0x000000074b400000, 0x000000074b400000, 0x000000074b600000|  0%| F|  |TAMS 0x000000074b400000| PB 0x000000074b400000| Untracked 
|  50|0x000000074b600000, 0x000000074b600000, 0x000000074b800000|  0%| F|  |TAMS 0x000000074b600000| PB 0x000000074b600000| Untracked 
|  51|0x000000074b800000, 0x000000074b800000, 0x000000074ba00000|  0%| F|  |TAMS 0x000000074b800000| PB 0x000000074b800000| Untracked 
|  52|0x000000074ba00000, 0x000000074ba00000, 0x000000074bc00000|  0%| F|  |TAMS 0x000000074ba00000| PB 0x000000074ba00000| Untracked 
|  53|0x000000074bc00000, 0x000000074bc00000, 0x000000074be00000|  0%| F|  |TAMS 0x000000074bc00000| PB 0x000000074bc00000| Untracked 
|  54|0x000000074be00000, 0x000000074be00000, 0x000000074c000000|  0%| F|  |TAMS 0x000000074be00000| PB 0x000000074be00000| Untracked 
|  55|0x000000074c000000, 0x000000074c000000, 0x000000074c200000|  0%| F|  |TAMS 0x000000074c000000| PB 0x000000074c000000| Untracked 
|  56|0x000000074c200000, 0x000000074c200000, 0x000000074c400000|  0%| F|  |TAMS 0x000000074c200000| PB 0x000000074c200000| Untracked 
|  57|0x000000074c400000, 0x000000074c400000, 0x000000074c600000|  0%| F|  |TAMS 0x000000074c400000| PB 0x000000074c400000| Untracked 
|  58|0x000000074c600000, 0x000000074c600000, 0x000000074c800000|  0%| F|  |TAMS 0x000000074c600000| PB 0x000000074c600000| Untracked 
|  59|0x000000074c800000, 0x000000074c800000, 0x000000074ca00000|  0%| F|  |TAMS 0x000000074c800000| PB 0x000000074c800000| Untracked 
|  60|0x000000074ca00000, 0x000000074ca00000, 0x000000074cc00000|  0%| F|  |TAMS 0x000000074ca00000| PB 0x000000074ca00000| Untracked 
|  61|0x000000074cc00000, 0x000000074cc00000, 0x000000074ce00000|  0%| F|  |TAMS 0x000000074cc00000| PB 0x000000074cc00000| Untracked 
|  62|0x000000074ce00000, 0x000000074ce00000, 0x000000074d000000|  0%| F|  |TAMS 0x000000074ce00000| PB 0x000000074ce00000| Untracked 
|  63|0x000000074d000000, 0x000000074d000000, 0x000000074d200000|  0%| F|  |TAMS 0x000000074d000000| PB 0x000000074d000000| Untracked 
|  64|0x000000074d200000, 0x000000074d200000, 0x000000074d400000|  0%| F|  |TAMS 0x000000074d200000| PB 0x000000074d200000| Untracked 
|  65|0x000000074d400000, 0x000000074d400000, 0x000000074d600000|  0%| F|  |TAMS 0x000000074d400000| PB 0x000000074d400000| Untracked 
|  66|0x000000074d600000, 0x000000074d600000, 0x000000074d800000|  0%| F|  |TAMS 0x000000074d600000| PB 0x000000074d600000| Untracked 
|  67|0x000000074d800000, 0x000000074d800000, 0x000000074da00000|  0%| F|  |TAMS 0x000000074d800000| PB 0x000000074d800000| Untracked 
|  68|0x000000074da00000, 0x000000074da00000, 0x000000074dc00000|  0%| F|  |TAMS 0x000000074da00000| PB 0x000000074da00000| Untracked 
|  69|0x000000074dc00000, 0x000000074dc00000, 0x000000074de00000|  0%| F|  |TAMS 0x000000074dc00000| PB 0x000000074dc00000| Untracked 
|  70|0x000000074de00000, 0x000000074de00000, 0x000000074e000000|  0%| F|  |TAMS 0x000000074de00000| PB 0x000000074de00000| Untracked 
|  71|0x000000074e000000, 0x000000074e000000, 0x000000074e200000|  0%| F|  |TAMS 0x000000074e000000| PB 0x000000074e000000| Untracked 
|  72|0x000000074e200000, 0x000000074e200000, 0x000000074e400000|  0%| F|  |TAMS 0x000000074e200000| PB 0x000000074e200000| Untracked 
|  73|0x000000074e400000, 0x000000074e400000, 0x000000074e600000|  0%| F|  |TAMS 0x000000074e400000| PB 0x000000074e400000| Untracked 
|  74|0x000000074e600000, 0x000000074e600000, 0x000000074e800000|  0%| F|  |TAMS 0x000000074e600000| PB 0x000000074e600000| Untracked 
|  75|0x000000074e800000, 0x000000074e800000, 0x000000074ea00000|  0%| F|  |TAMS 0x000000074e800000| PB 0x000000074e800000| Untracked 
|  76|0x000000074ea00000, 0x000000074ea00000, 0x000000074ec00000|  0%| F|  |TAMS 0x000000074ea00000| PB 0x000000074ea00000| Untracked 
|  77|0x000000074ec00000, 0x000000074ec00000, 0x000000074ee00000|  0%| F|  |TAMS 0x000000074ec00000| PB 0x000000074ec00000| Untracked 
|  78|0x000000074ee00000, 0x000000074ee00000, 0x000000074f000000|  0%| F|  |TAMS 0x000000074ee00000| PB 0x000000074ee00000| Untracked 
|  79|0x000000074f000000, 0x000000074f000000, 0x000000074f200000|  0%| F|  |TAMS 0x000000074f000000| PB 0x000000074f000000| Untracked 
|  80|0x000000074f200000, 0x000000074f200000, 0x000000074f400000|  0%| F|  |TAMS 0x000000074f200000| PB 0x000000074f200000| Untracked 
|  81|0x000000074f400000, 0x000000074f400000, 0x000000074f600000|  0%| F|  |TAMS 0x000000074f400000| PB 0x000000074f400000| Untracked 
|  82|0x000000074f600000, 0x000000074f600000, 0x000000074f800000|  0%| F|  |TAMS 0x000000074f600000| PB 0x000000074f600000| Untracked 
|  83|0x000000074f800000, 0x000000074f800000, 0x000000074fa00000|  0%| F|  |TAMS 0x000000074f800000| PB 0x000000074f800000| Untracked 
|  84|0x000000074fa00000, 0x000000074fa00000, 0x000000074fc00000|  0%| F|  |TAMS 0x000000074fa00000| PB 0x000000074fa00000| Untracked 
|  85|0x000000074fc00000, 0x000000074fc00000, 0x000000074fe00000|  0%| F|  |TAMS 0x000000074fc00000| PB 0x000000074fc00000| Untracked 
|  86|0x000000074fe00000, 0x000000074fe00000, 0x0000000750000000|  0%| F|  |TAMS 0x000000074fe00000| PB 0x000000074fe00000| Untracked 
|  87|0x0000000750000000, 0x0000000750000000, 0x0000000750200000|  0%| F|  |TAMS 0x0000000750000000| PB 0x0000000750000000| Untracked 
|  88|0x0000000750200000, 0x0000000750200000, 0x0000000750400000|  0%| F|  |TAMS 0x0000000750200000| PB 0x0000000750200000| Untracked 
|  89|0x0000000750400000, 0x0000000750400000, 0x0000000750600000|  0%| F|  |TAMS 0x0000000750400000| PB 0x0000000750400000| Untracked 
|  90|0x0000000750600000, 0x0000000750600000, 0x0000000750800000|  0%| F|  |TAMS 0x0000000750600000| PB 0x0000000750600000| Untracked 
|  91|0x0000000750800000, 0x0000000750800000, 0x0000000750a00000|  0%| F|  |TAMS 0x0000000750800000| PB 0x0000000750800000| Untracked 
|  92|0x0000000750a00000, 0x0000000750a00000, 0x0000000750c00000|  0%| F|  |TAMS 0x0000000750a00000| PB 0x0000000750a00000| Untracked 
|  93|0x0000000750c00000, 0x0000000750c00000, 0x0000000750e00000|  0%| F|  |TAMS 0x0000000750c00000| PB 0x0000000750c00000| Untracked 
|  94|0x0000000750e00000, 0x0000000750e00000, 0x0000000751000000|  0%| F|  |TAMS 0x0000000750e00000| PB 0x0000000750e00000| Untracked 
|  95|0x0000000751000000, 0x0000000751000000, 0x0000000751200000|  0%| F|  |TAMS 0x0000000751000000| PB 0x0000000751000000| Untracked 
|  96|0x0000000751200000, 0x0000000751200000, 0x0000000751400000|  0%| F|  |TAMS 0x0000000751200000| PB 0x0000000751200000| Untracked 
|  97|0x0000000751400000, 0x0000000751400000, 0x0000000751600000|  0%| F|  |TAMS 0x0000000751400000| PB 0x0000000751400000| Untracked 
|  98|0x0000000751600000, 0x0000000751600000, 0x0000000751800000|  0%| F|  |TAMS 0x0000000751600000| PB 0x0000000751600000| Untracked 
|  99|0x0000000751800000, 0x0000000751800000, 0x0000000751a00000|  0%| F|  |TAMS 0x0000000751800000| PB 0x0000000751800000| Untracked 
| 100|0x0000000751a00000, 0x0000000751a00000, 0x0000000751c00000|  0%| F|  |TAMS 0x0000000751a00000| PB 0x0000000751a00000| Untracked 
| 101|0x0000000751c00000, 0x0000000751c00000, 0x0000000751e00000|  0%| F|  |TAMS 0x0000000751c00000| PB 0x0000000751c00000| Untracked 
| 102|0x0000000751e00000, 0x0000000751e00000, 0x0000000752000000|  0%| F|  |TAMS 0x0000000751e00000| PB 0x0000000751e00000| Untracked 
| 103|0x0000000752000000, 0x0000000752000000, 0x0000000752200000|  0%| F|  |TAMS 0x0000000752000000| PB 0x0000000752000000| Untracked 
| 104|0x0000000752200000, 0x0000000752200000, 0x0000000752400000|  0%| F|  |TAMS 0x0000000752200000| PB 0x0000000752200000| Untracked 
| 105|0x0000000752400000, 0x0000000752400000, 0x0000000752600000|  0%| F|  |TAMS 0x0000000752400000| PB 0x0000000752400000| Untracked 
| 106|0x0000000752600000, 0x0000000752600000, 0x0000000752800000|  0%| F|  |TAMS 0x0000000752600000| PB 0x0000000752600000| Untracked 
| 107|0x0000000752800000, 0x0000000752800000, 0x0000000752a00000|  0%| F|  |TAMS 0x0000000752800000| PB 0x0000000752800000| Untracked 
| 108|0x0000000752a00000, 0x0000000752a00000, 0x0000000752c00000|  0%| F|  |TAMS 0x0000000752a00000| PB 0x0000000752a00000| Untracked 
| 109|0x0000000752c00000, 0x0000000752c00000, 0x0000000752e00000|  0%| F|  |TAMS 0x0000000752c00000| PB 0x0000000752c00000| Untracked 
| 110|0x0000000752e00000, 0x0000000752e00000, 0x0000000753000000|  0%| F|  |TAMS 0x0000000752e00000| PB 0x0000000752e00000| Untracked 
| 111|0x0000000753000000, 0x0000000753000000, 0x0000000753200000|  0%| F|  |TAMS 0x0000000753000000| PB 0x0000000753000000| Untracked 
| 112|0x0000000753200000, 0x0000000753200000, 0x0000000753400000|  0%| F|  |TAMS 0x0000000753200000| PB 0x0000000753200000| Untracked 
| 113|0x0000000753400000, 0x0000000753400000, 0x0000000753600000|  0%| F|  |TAMS 0x0000000753400000| PB 0x0000000753400000| Untracked 
| 114|0x0000000753600000, 0x0000000753600000, 0x0000000753800000|  0%| F|  |TAMS 0x0000000753600000| PB 0x0000000753600000| Untracked 
| 115|0x0000000753800000, 0x0000000753800000, 0x0000000753a00000|  0%| F|  |TAMS 0x0000000753800000| PB 0x0000000753800000| Untracked 
| 116|0x0000000753a00000, 0x0000000753a00000, 0x0000000753c00000|  0%| F|  |TAMS 0x0000000753a00000| PB 0x0000000753a00000| Untracked 
| 117|0x0000000753c00000, 0x0000000753c00000, 0x0000000753e00000|  0%| F|  |TAMS 0x0000000753c00000| PB 0x0000000753c00000| Untracked 
| 118|0x0000000753e00000, 0x0000000753e00000, 0x0000000754000000|  0%| F|  |TAMS 0x0000000753e00000| PB 0x0000000753e00000| Untracked 
| 119|0x0000000754000000, 0x0000000754000000, 0x0000000754200000|  0%| F|  |TAMS 0x0000000754000000| PB 0x0000000754000000| Untracked 
| 120|0x0000000754200000, 0x0000000754200000, 0x0000000754400000|  0%| F|  |TAMS 0x0000000754200000| PB 0x0000000754200000| Untracked 
| 121|0x0000000754400000, 0x0000000754400000, 0x0000000754600000|  0%| F|  |TAMS 0x0000000754400000| PB 0x0000000754400000| Untracked 
| 122|0x0000000754600000, 0x0000000754600000, 0x0000000754800000|  0%| F|  |TAMS 0x0000000754600000| PB 0x0000000754600000| Untracked 
| 123|0x0000000754800000, 0x0000000754800000, 0x0000000754a00000|  0%| F|  |TAMS 0x0000000754800000| PB 0x0000000754800000| Untracked 
| 124|0x0000000754a00000, 0x0000000754a00000, 0x0000000754c00000|  0%| F|  |TAMS 0x0000000754a00000| PB 0x0000000754a00000| Untracked 
| 125|0x0000000754c00000, 0x0000000754c00000, 0x0000000754e00000|  0%| F|  |TAMS 0x0000000754c00000| PB 0x0000000754c00000| Untracked 
| 126|0x0000000754e00000, 0x0000000754e00000, 0x0000000755000000|  0%| F|  |TAMS 0x0000000754e00000| PB 0x0000000754e00000| Untracked 
| 127|0x0000000755000000, 0x0000000755000000, 0x0000000755200000|  0%| F|  |TAMS 0x0000000755000000| PB 0x0000000755000000| Untracked 
| 128|0x0000000755200000, 0x0000000755200000, 0x0000000755400000|  0%| F|  |TAMS 0x0000000755200000| PB 0x0000000755200000| Untracked 
| 129|0x0000000755400000, 0x0000000755400000, 0x0000000755600000|  0%| F|  |TAMS 0x0000000755400000| PB 0x0000000755400000| Untracked 
| 130|0x0000000755600000, 0x0000000755600000, 0x0000000755800000|  0%| F|  |TAMS 0x0000000755600000| PB 0x0000000755600000| Untracked 
| 131|0x0000000755800000, 0x0000000755800000, 0x0000000755a00000|  0%| F|  |TAMS 0x0000000755800000| PB 0x0000000755800000| Untracked 
| 132|0x0000000755a00000, 0x0000000755a00000, 0x0000000755c00000|  0%| F|  |TAMS 0x0000000755a00000| PB 0x0000000755a00000| Untracked 
| 133|0x0000000755c00000, 0x0000000755c00000, 0x0000000755e00000|  0%| F|  |TAMS 0x0000000755c00000| PB 0x0000000755c00000| Untracked 
| 134|0x0000000755e00000, 0x0000000755e00000, 0x0000000756000000|  0%| F|  |TAMS 0x0000000755e00000| PB 0x0000000755e00000| Untracked 
| 135|0x0000000756000000, 0x0000000756000000, 0x0000000756200000|  0%| F|  |TAMS 0x0000000756000000| PB 0x0000000756000000| Untracked 
| 136|0x0000000756200000, 0x0000000756200000, 0x0000000756400000|  0%| F|  |TAMS 0x0000000756200000| PB 0x0000000756200000| Untracked 
| 137|0x0000000756400000, 0x0000000756400000, 0x0000000756600000|  0%| F|  |TAMS 0x0000000756400000| PB 0x0000000756400000| Untracked 
| 138|0x0000000756600000, 0x0000000756600000, 0x0000000756800000|  0%| F|  |TAMS 0x0000000756600000| PB 0x0000000756600000| Untracked 
| 139|0x0000000756800000, 0x0000000756800000, 0x0000000756a00000|  0%| F|  |TAMS 0x0000000756800000| PB 0x0000000756800000| Untracked 
| 140|0x0000000756a00000, 0x0000000756a00000, 0x0000000756c00000|  0%| F|  |TAMS 0x0000000756a00000| PB 0x0000000756a00000| Untracked 
| 141|0x0000000756c00000, 0x0000000756c00000, 0x0000000756e00000|  0%| F|  |TAMS 0x0000000756c00000| PB 0x0000000756c00000| Untracked 
| 142|0x0000000756e00000, 0x0000000756e00000, 0x0000000757000000|  0%| F|  |TAMS 0x0000000756e00000| PB 0x0000000756e00000| Untracked 
| 143|0x0000000757000000, 0x0000000757000000, 0x0000000757200000|  0%| F|  |TAMS 0x0000000757000000| PB 0x0000000757000000| Untracked 
| 144|0x0000000757200000, 0x0000000757200000, 0x0000000757400000|  0%| F|  |TAMS 0x0000000757200000| PB 0x0000000757200000| Untracked 
| 145|0x0000000757400000, 0x0000000757400000, 0x0000000757600000|  0%| F|  |TAMS 0x0000000757400000| PB 0x0000000757400000| Untracked 
| 146|0x0000000757600000, 0x0000000757600000, 0x0000000757800000|  0%| F|  |TAMS 0x0000000757600000| PB 0x0000000757600000| Untracked 
| 147|0x0000000757800000, 0x0000000757800000, 0x0000000757a00000|  0%| F|  |TAMS 0x0000000757800000| PB 0x0000000757800000| Untracked 
| 148|0x0000000757a00000, 0x0000000757a00000, 0x0000000757c00000|  0%| F|  |TAMS 0x0000000757a00000| PB 0x0000000757a00000| Untracked 
| 149|0x0000000757c00000, 0x0000000757c00000, 0x0000000757e00000|  0%| F|  |TAMS 0x0000000757c00000| PB 0x0000000757c00000| Untracked 
| 150|0x0000000757e00000, 0x0000000757e00000, 0x0000000758000000|  0%| F|  |TAMS 0x0000000757e00000| PB 0x0000000757e00000| Untracked 
| 151|0x0000000758000000, 0x0000000758000000, 0x0000000758200000|  0%| F|  |TAMS 0x0000000758000000| PB 0x0000000758000000| Untracked 
| 152|0x0000000758200000, 0x0000000758200000, 0x0000000758400000|  0%| F|  |TAMS 0x0000000758200000| PB 0x0000000758200000| Untracked 
| 153|0x0000000758400000, 0x0000000758400000, 0x0000000758600000|  0%| F|  |TAMS 0x0000000758400000| PB 0x0000000758400000| Untracked 
| 154|0x0000000758600000, 0x0000000758600000, 0x0000000758800000|  0%| F|  |TAMS 0x0000000758600000| PB 0x0000000758600000| Untracked 
| 155|0x0000000758800000, 0x0000000758800000, 0x0000000758a00000|  0%| F|  |TAMS 0x0000000758800000| PB 0x0000000758800000| Untracked 
| 156|0x0000000758a00000, 0x0000000758a00000, 0x0000000758c00000|  0%| F|  |TAMS 0x0000000758a00000| PB 0x0000000758a00000| Untracked 
| 157|0x0000000758c00000, 0x0000000758c00000, 0x0000000758e00000|  0%| F|  |TAMS 0x0000000758c00000| PB 0x0000000758c00000| Untracked 
| 158|0x0000000758e00000, 0x0000000758e00000, 0x0000000759000000|  0%| F|  |TAMS 0x0000000758e00000| PB 0x0000000758e00000| Untracked 
| 159|0x0000000759000000, 0x0000000759000000, 0x0000000759200000|  0%| F|  |TAMS 0x0000000759000000| PB 0x0000000759000000| Untracked 
| 160|0x0000000759200000, 0x0000000759200000, 0x0000000759400000|  0%| F|  |TAMS 0x0000000759200000| PB 0x0000000759200000| Untracked 
| 161|0x0000000759400000, 0x0000000759400000, 0x0000000759600000|  0%| F|  |TAMS 0x0000000759400000| PB 0x0000000759400000| Untracked 
| 162|0x0000000759600000, 0x0000000759600000, 0x0000000759800000|  0%| F|  |TAMS 0x0000000759600000| PB 0x0000000759600000| Untracked 
| 163|0x0000000759800000, 0x0000000759800000, 0x0000000759a00000|  0%| F|  |TAMS 0x0000000759800000| PB 0x0000000759800000| Untracked 
| 164|0x0000000759a00000, 0x0000000759a00000, 0x0000000759c00000|  0%| F|  |TAMS 0x0000000759a00000| PB 0x0000000759a00000| Untracked 
| 165|0x0000000759c00000, 0x0000000759c00000, 0x0000000759e00000|  0%| F|  |TAMS 0x0000000759c00000| PB 0x0000000759c00000| Untracked 
| 166|0x0000000759e00000, 0x0000000759e00000, 0x000000075a000000|  0%| F|  |TAMS 0x0000000759e00000| PB 0x0000000759e00000| Untracked 
| 167|0x000000075a000000, 0x000000075a000000, 0x000000075a200000|  0%| F|  |TAMS 0x000000075a000000| PB 0x000000075a000000| Untracked 
| 168|0x000000075a200000, 0x000000075a200000, 0x000000075a400000|  0%| F|  |TAMS 0x000000075a200000| PB 0x000000075a200000| Untracked 
| 169|0x000000075a400000, 0x000000075a400000, 0x000000075a600000|  0%| F|  |TAMS 0x000000075a400000| PB 0x000000075a400000| Untracked 
| 170|0x000000075a600000, 0x000000075a600000, 0x000000075a800000|  0%| F|  |TAMS 0x000000075a600000| PB 0x000000075a600000| Untracked 
| 171|0x000000075a800000, 0x000000075a800000, 0x000000075aa00000|  0%| F|  |TAMS 0x000000075a800000| PB 0x000000075a800000| Untracked 
| 172|0x000000075aa00000, 0x000000075aa00000, 0x000000075ac00000|  0%| F|  |TAMS 0x000000075aa00000| PB 0x000000075aa00000| Untracked 
| 173|0x000000075ac00000, 0x000000075ac00000, 0x000000075ae00000|  0%| F|  |TAMS 0x000000075ac00000| PB 0x000000075ac00000| Untracked 
| 174|0x000000075ae00000, 0x000000075ae00000, 0x000000075b000000|  0%| F|  |TAMS 0x000000075ae00000| PB 0x000000075ae00000| Untracked 
| 175|0x000000075b000000, 0x000000075b000000, 0x000000075b200000|  0%| F|  |TAMS 0x000000075b000000| PB 0x000000075b000000| Untracked 
| 176|0x000000075b200000, 0x000000075b200000, 0x000000075b400000|  0%| F|  |TAMS 0x000000075b200000| PB 0x000000075b200000| Untracked 
| 177|0x000000075b400000, 0x000000075b400000, 0x000000075b600000|  0%| F|  |TAMS 0x000000075b400000| PB 0x000000075b400000| Untracked 
| 178|0x000000075b600000, 0x000000075b600000, 0x000000075b800000|  0%| F|  |TAMS 0x000000075b600000| PB 0x000000075b600000| Untracked 
| 179|0x000000075b800000, 0x000000075b800000, 0x000000075ba00000|  0%| F|  |TAMS 0x000000075b800000| PB 0x000000075b800000| Untracked 
| 180|0x000000075ba00000, 0x000000075ba00000, 0x000000075bc00000|  0%| F|  |TAMS 0x000000075ba00000| PB 0x000000075ba00000| Untracked 
| 181|0x000000075bc00000, 0x000000075bc00000, 0x000000075be00000|  0%| F|  |TAMS 0x000000075bc00000| PB 0x000000075bc00000| Untracked 
| 182|0x000000075be00000, 0x000000075be00000, 0x000000075c000000|  0%| F|  |TAMS 0x000000075be00000| PB 0x000000075be00000| Untracked 
| 183|0x000000075c000000, 0x000000075c000000, 0x000000075c200000|  0%| F|  |TAMS 0x000000075c000000| PB 0x000000075c000000| Untracked 
| 184|0x000000075c200000, 0x000000075c200000, 0x000000075c400000|  0%| F|  |TAMS 0x000000075c200000| PB 0x000000075c200000| Untracked 
| 185|0x000000075c400000, 0x000000075c400000, 0x000000075c600000|  0%| F|  |TAMS 0x000000075c400000| PB 0x000000075c400000| Untracked 
| 186|0x000000075c600000, 0x000000075c600000, 0x000000075c800000|  0%| F|  |TAMS 0x000000075c600000| PB 0x000000075c600000| Untracked 
| 187|0x000000075c800000, 0x000000075c800000, 0x000000075ca00000|  0%| F|  |TAMS 0x000000075c800000| PB 0x000000075c800000| Untracked 
| 188|0x000000075ca00000, 0x000000075ca00000, 0x000000075cc00000|  0%| F|  |TAMS 0x000000075ca00000| PB 0x000000075ca00000| Untracked 
| 189|0x000000075cc00000, 0x000000075cc00000, 0x000000075ce00000|  0%| F|  |TAMS 0x000000075cc00000| PB 0x000000075cc00000| Untracked 
| 190|0x000000075ce00000, 0x000000075ce00000, 0x000000075d000000|  0%| F|  |TAMS 0x000000075ce00000| PB 0x000000075ce00000| Untracked 
| 191|0x000000075d000000, 0x000000075d000000, 0x000000075d200000|  0%| F|  |TAMS 0x000000075d000000| PB 0x000000075d000000| Untracked 
| 192|0x000000075d200000, 0x000000075d200000, 0x000000075d400000|  0%| F|  |TAMS 0x000000075d200000| PB 0x000000075d200000| Untracked 
| 193|0x000000075d400000, 0x000000075d400000, 0x000000075d600000|  0%| F|  |TAMS 0x000000075d400000| PB 0x000000075d400000| Untracked 
| 194|0x000000075d600000, 0x000000075d600000, 0x000000075d800000|  0%| F|  |TAMS 0x000000075d600000| PB 0x000000075d600000| Untracked 
| 195|0x000000075d800000, 0x000000075d800000, 0x000000075da00000|  0%| F|  |TAMS 0x000000075d800000| PB 0x000000075d800000| Untracked 
| 196|0x000000075da00000, 0x000000075da00000, 0x000000075dc00000|  0%| F|  |TAMS 0x000000075da00000| PB 0x000000075da00000| Untracked 
| 197|0x000000075dc00000, 0x000000075dc00000, 0x000000075de00000|  0%| F|  |TAMS 0x000000075dc00000| PB 0x000000075dc00000| Untracked 
| 198|0x000000075de00000, 0x000000075de00000, 0x000000075e000000|  0%| F|  |TAMS 0x000000075de00000| PB 0x000000075de00000| Untracked 
| 199|0x000000075e000000, 0x000000075e000000, 0x000000075e200000|  0%| F|  |TAMS 0x000000075e000000| PB 0x000000075e000000| Untracked 
| 200|0x000000075e200000, 0x000000075e200000, 0x000000075e400000|  0%| F|  |TAMS 0x000000075e200000| PB 0x000000075e200000| Untracked 
| 201|0x000000075e400000, 0x000000075e400000, 0x000000075e600000|  0%| F|  |TAMS 0x000000075e400000| PB 0x000000075e400000| Untracked 
| 202|0x000000075e600000, 0x000000075e600000, 0x000000075e800000|  0%| F|  |TAMS 0x000000075e600000| PB 0x000000075e600000| Untracked 
| 203|0x000000075e800000, 0x000000075e800000, 0x000000075ea00000|  0%| F|  |TAMS 0x000000075e800000| PB 0x000000075e800000| Untracked 
| 204|0x000000075ea00000, 0x000000075ea00000, 0x000000075ec00000|  0%| F|  |TAMS 0x000000075ea00000| PB 0x000000075ea00000| Untracked 
| 205|0x000000075ec00000, 0x000000075ec00000, 0x000000075ee00000|  0%| F|  |TAMS 0x000000075ec00000| PB 0x000000075ec00000| Untracked 
| 206|0x000000075ee00000, 0x000000075ee00000, 0x000000075f000000|  0%| F|  |TAMS 0x000000075ee00000| PB 0x000000075ee00000| Untracked 
| 207|0x000000075f000000, 0x000000075f000000, 0x000000075f200000|  0%| F|  |TAMS 0x000000075f000000| PB 0x000000075f000000| Untracked 
| 208|0x000000075f200000, 0x000000075f200000, 0x000000075f400000|  0%| F|  |TAMS 0x000000075f200000| PB 0x000000075f200000| Untracked 
| 209|0x000000075f400000, 0x000000075f400000, 0x000000075f600000|  0%| F|  |TAMS 0x000000075f400000| PB 0x000000075f400000| Untracked 
| 210|0x000000075f600000, 0x000000075f600000, 0x000000075f800000|  0%| F|  |TAMS 0x000000075f600000| PB 0x000000075f600000| Untracked 
| 211|0x000000075f800000, 0x000000075f800000, 0x000000075fa00000|  0%| F|  |TAMS 0x000000075f800000| PB 0x000000075f800000| Untracked 
| 212|0x000000075fa00000, 0x000000075fa00000, 0x000000075fc00000|  0%| F|  |TAMS 0x000000075fa00000| PB 0x000000075fa00000| Untracked 
| 213|0x000000075fc00000, 0x000000075fc00000, 0x000000075fe00000|  0%| F|  |TAMS 0x000000075fc00000| PB 0x000000075fc00000| Untracked 
| 214|0x000000075fe00000, 0x000000075fe00000, 0x0000000760000000|  0%| F|  |TAMS 0x000000075fe00000| PB 0x000000075fe00000| Untracked 
| 215|0x0000000760000000, 0x0000000760000000, 0x0000000760200000|  0%| F|  |TAMS 0x0000000760000000| PB 0x0000000760000000| Untracked 
| 216|0x0000000760200000, 0x0000000760200000, 0x0000000760400000|  0%| F|  |TAMS 0x0000000760200000| PB 0x0000000760200000| Untracked 
| 217|0x0000000760400000, 0x0000000760400000, 0x0000000760600000|  0%| F|  |TAMS 0x0000000760400000| PB 0x0000000760400000| Untracked 
| 218|0x0000000760600000, 0x0000000760600000, 0x0000000760800000|  0%| F|  |TAMS 0x0000000760600000| PB 0x0000000760600000| Untracked 
| 219|0x0000000760800000, 0x0000000760800000, 0x0000000760a00000|  0%| F|  |TAMS 0x0000000760800000| PB 0x0000000760800000| Untracked 
| 220|0x0000000760a00000, 0x0000000760a00000, 0x0000000760c00000|  0%| F|  |TAMS 0x0000000760a00000| PB 0x0000000760a00000| Untracked 
| 221|0x0000000760c00000, 0x0000000760c00000, 0x0000000760e00000|  0%| F|  |TAMS 0x0000000760c00000| PB 0x0000000760c00000| Untracked 
| 222|0x0000000760e00000, 0x0000000760e00000, 0x0000000761000000|  0%| F|  |TAMS 0x0000000760e00000| PB 0x0000000760e00000| Untracked 
| 223|0x0000000761000000, 0x0000000761000000, 0x0000000761200000|  0%| F|  |TAMS 0x0000000761000000| PB 0x0000000761000000| Untracked 
| 224|0x0000000761200000, 0x0000000761200000, 0x0000000761400000|  0%| F|  |TAMS 0x0000000761200000| PB 0x0000000761200000| Untracked 
| 225|0x0000000761400000, 0x0000000761400000, 0x0000000761600000|  0%| F|  |TAMS 0x0000000761400000| PB 0x0000000761400000| Untracked 
| 226|0x0000000761600000, 0x0000000761600000, 0x0000000761800000|  0%| F|  |TAMS 0x0000000761600000| PB 0x0000000761600000| Untracked 
| 227|0x0000000761800000, 0x0000000761800000, 0x0000000761a00000|  0%| F|  |TAMS 0x0000000761800000| PB 0x0000000761800000| Untracked 
| 228|0x0000000761a00000, 0x0000000761a00000, 0x0000000761c00000|  0%| F|  |TAMS 0x0000000761a00000| PB 0x0000000761a00000| Untracked 
| 229|0x0000000761c00000, 0x0000000761c00000, 0x0000000761e00000|  0%| F|  |TAMS 0x0000000761c00000| PB 0x0000000761c00000| Untracked 
| 230|0x0000000761e00000, 0x0000000761e00000, 0x0000000762000000|  0%| F|  |TAMS 0x0000000761e00000| PB 0x0000000761e00000| Untracked 
| 231|0x0000000762000000, 0x0000000762000000, 0x0000000762200000|  0%| F|  |TAMS 0x0000000762000000| PB 0x0000000762000000| Untracked 
| 232|0x0000000762200000, 0x0000000762200000, 0x0000000762400000|  0%| F|  |TAMS 0x0000000762200000| PB 0x0000000762200000| Untracked 
| 233|0x0000000762400000, 0x0000000762400000, 0x0000000762600000|  0%| F|  |TAMS 0x0000000762400000| PB 0x0000000762400000| Untracked 
| 234|0x0000000762600000, 0x00000007627ddf60, 0x0000000762800000| 93%| E|  |TAMS 0x0000000762600000| PB 0x0000000762600000| Complete 
| 235|0x0000000762800000, 0x0000000762a00000, 0x0000000762a00000|100%| E|CS|TAMS 0x0000000762800000| PB 0x0000000762800000| Complete 
| 236|0x0000000762a00000, 0x0000000762c00000, 0x0000000762c00000|100%| E|CS|TAMS 0x0000000762a00000| PB 0x0000000762a00000| Complete 
| 237|0x0000000762c00000, 0x0000000762e00000, 0x0000000762e00000|100%| E|CS|TAMS 0x0000000762c00000| PB 0x0000000762c00000| Complete 
| 238|0x0000000762e00000, 0x0000000763000000, 0x0000000763000000|100%| E|CS|TAMS 0x0000000762e00000| PB 0x0000000762e00000| Complete 
| 239|0x0000000763000000, 0x0000000763200000, 0x0000000763200000|100%| E|CS|TAMS 0x0000000763000000| PB 0x0000000763000000| Complete 
| 240|0x0000000763200000, 0x0000000763400000, 0x0000000763400000|100%| E|CS|TAMS 0x0000000763200000| PB 0x0000000763200000| Complete 
| 241|0x0000000763400000, 0x0000000763600000, 0x0000000763600000|100%| E|CS|TAMS 0x0000000763400000| PB 0x0000000763400000| Complete 
| 242|0x0000000763600000, 0x0000000763800000, 0x0000000763800000|100%| E|CS|TAMS 0x0000000763600000| PB 0x0000000763600000| Complete 
| 243|0x0000000763800000, 0x0000000763a00000, 0x0000000763a00000|100%| E|CS|TAMS 0x0000000763800000| PB 0x0000000763800000| Complete 
| 244|0x0000000763a00000, 0x0000000763c00000, 0x0000000763c00000|100%| E|CS|TAMS 0x0000000763a00000| PB 0x0000000763a00000| Complete 
| 245|0x0000000763c00000, 0x0000000763e00000, 0x0000000763e00000|100%| E|CS|TAMS 0x0000000763c00000| PB 0x0000000763c00000| Complete 
| 246|0x0000000763e00000, 0x0000000764000000, 0x0000000764000000|100%| E|CS|TAMS 0x0000000763e00000| PB 0x0000000763e00000| Complete 
| 247|0x0000000764000000, 0x0000000764200000, 0x0000000764200000|100%| E|CS|TAMS 0x0000000764000000| PB 0x0000000764000000| Complete 
| 248|0x0000000764200000, 0x0000000764400000, 0x0000000764400000|100%| E|CS|TAMS 0x0000000764200000| PB 0x0000000764200000| Complete 
| 249|0x0000000764400000, 0x0000000764600000, 0x0000000764600000|100%| E|CS|TAMS 0x0000000764400000| PB 0x0000000764400000| Complete 
| 250|0x0000000764600000, 0x0000000764800000, 0x0000000764800000|100%| E|CS|TAMS 0x0000000764600000| PB 0x0000000764600000| Complete 
| 251|0x0000000764800000, 0x0000000764a00000, 0x0000000764a00000|100%| E|CS|TAMS 0x0000000764800000| PB 0x0000000764800000| Complete 
| 252|0x0000000764a00000, 0x0000000764c00000, 0x0000000764c00000|100%| E|CS|TAMS 0x0000000764a00000| PB 0x0000000764a00000| Complete 
| 253|0x0000000764c00000, 0x0000000764e00000, 0x0000000764e00000|100%| E|CS|TAMS 0x0000000764c00000| PB 0x0000000764c00000| Complete 
| 254|0x0000000764e00000, 0x0000000765000000, 0x0000000765000000|100%| E|CS|TAMS 0x0000000764e00000| PB 0x0000000764e00000| Complete 
| 255|0x0000000765000000, 0x0000000765200000, 0x0000000765200000|100%| E|CS|TAMS 0x0000000765000000| PB 0x0000000765000000| Complete 
| 256|0x0000000765200000, 0x0000000765400000, 0x0000000765400000|100%| E|CS|TAMS 0x0000000765200000| PB 0x0000000765200000| Complete 
| 257|0x0000000765400000, 0x0000000765600000, 0x0000000765600000|100%| E|CS|TAMS 0x0000000765400000| PB 0x0000000765400000| Complete 
| 258|0x0000000765600000, 0x0000000765800000, 0x0000000765800000|100%| E|CS|TAMS 0x0000000765600000| PB 0x0000000765600000| Complete 
| 259|0x0000000765800000, 0x0000000765a00000, 0x0000000765a00000|100%| E|CS|TAMS 0x0000000765800000| PB 0x0000000765800000| Complete 
| 260|0x0000000765a00000, 0x0000000765c00000, 0x0000000765c00000|100%| E|CS|TAMS 0x0000000765a00000| PB 0x0000000765a00000| Complete 
| 261|0x0000000765c00000, 0x0000000765e00000, 0x0000000765e00000|100%| E|CS|TAMS 0x0000000765c00000| PB 0x0000000765c00000| Complete 
| 262|0x0000000765e00000, 0x0000000766000000, 0x0000000766000000|100%| E|CS|TAMS 0x0000000765e00000| PB 0x0000000765e00000| Complete 
| 263|0x0000000766000000, 0x0000000766200000, 0x0000000766200000|100%| E|CS|TAMS 0x0000000766000000| PB 0x0000000766000000| Complete 
| 264|0x0000000766200000, 0x0000000766400000, 0x0000000766400000|100%| E|CS|TAMS 0x0000000766200000| PB 0x0000000766200000| Complete 
| 265|0x0000000766400000, 0x0000000766600000, 0x0000000766600000|100%| E|CS|TAMS 0x0000000766400000| PB 0x0000000766400000| Complete 
| 266|0x0000000766600000, 0x0000000766800000, 0x0000000766800000|100%| E|CS|TAMS 0x0000000766600000| PB 0x0000000766600000| Complete 
| 267|0x0000000766800000, 0x0000000766a00000, 0x0000000766a00000|100%| E|CS|TAMS 0x0000000766800000| PB 0x0000000766800000| Complete 
| 268|0x0000000766a00000, 0x0000000766c00000, 0x0000000766c00000|100%| E|CS|TAMS 0x0000000766a00000| PB 0x0000000766a00000| Complete 
| 269|0x0000000766c00000, 0x0000000766e00000, 0x0000000766e00000|100%| E|CS|TAMS 0x0000000766c00000| PB 0x0000000766c00000| Complete 
| 270|0x0000000766e00000, 0x0000000767000000, 0x0000000767000000|100%| E|CS|TAMS 0x0000000766e00000| PB 0x0000000766e00000| Complete 
| 271|0x0000000767000000, 0x0000000767200000, 0x0000000767200000|100%| E|CS|TAMS 0x0000000767000000| PB 0x0000000767000000| Complete 
| 272|0x0000000767200000, 0x0000000767400000, 0x0000000767400000|100%| E|CS|TAMS 0x0000000767200000| PB 0x0000000767200000| Complete 
| 273|0x0000000767400000, 0x0000000767600000, 0x0000000767600000|100%| E|CS|TAMS 0x0000000767400000| PB 0x0000000767400000| Complete 
| 274|0x0000000767600000, 0x0000000767800000, 0x0000000767800000|100%| E|CS|TAMS 0x0000000767600000| PB 0x0000000767600000| Complete 
| 275|0x0000000767800000, 0x0000000767a00000, 0x0000000767a00000|100%| E|CS|TAMS 0x0000000767800000| PB 0x0000000767800000| Complete 
| 276|0x0000000767a00000, 0x0000000767c00000, 0x0000000767c00000|100%| E|CS|TAMS 0x0000000767a00000| PB 0x0000000767a00000| Complete 
| 277|0x0000000767c00000, 0x0000000767e00000, 0x0000000767e00000|100%| E|CS|TAMS 0x0000000767c00000| PB 0x0000000767c00000| Complete 
| 278|0x0000000767e00000, 0x0000000768000000, 0x0000000768000000|100%| E|CS|TAMS 0x0000000767e00000| PB 0x0000000767e00000| Complete 
| 279|0x0000000768000000, 0x0000000768200000, 0x0000000768200000|100%| E|CS|TAMS 0x0000000768000000| PB 0x0000000768000000| Complete 
| 280|0x0000000768200000, 0x0000000768400000, 0x0000000768400000|100%| E|CS|TAMS 0x0000000768200000| PB 0x0000000768200000| Complete 
| 281|0x0000000768400000, 0x0000000768600000, 0x0000000768600000|100%| E|CS|TAMS 0x0000000768400000| PB 0x0000000768400000| Complete 
| 282|0x0000000768600000, 0x0000000768800000, 0x0000000768800000|100%| E|CS|TAMS 0x0000000768600000| PB 0x0000000768600000| Complete 
| 283|0x0000000768800000, 0x0000000768a00000, 0x0000000768a00000|100%| E|CS|TAMS 0x0000000768800000| PB 0x0000000768800000| Complete 
| 284|0x0000000768a00000, 0x0000000768c00000, 0x0000000768c00000|100%| E|CS|TAMS 0x0000000768a00000| PB 0x0000000768a00000| Complete 
| 285|0x0000000768c00000, 0x0000000768e00000, 0x0000000768e00000|100%| E|CS|TAMS 0x0000000768c00000| PB 0x0000000768c00000| Complete 
| 286|0x0000000768e00000, 0x0000000769000000, 0x0000000769000000|100%| E|CS|TAMS 0x0000000768e00000| PB 0x0000000768e00000| Complete 
| 287|0x0000000769000000, 0x0000000769200000, 0x0000000769200000|100%| E|CS|TAMS 0x0000000769000000| PB 0x0000000769000000| Complete 
| 288|0x0000000769200000, 0x0000000769400000, 0x0000000769400000|100%| E|CS|TAMS 0x0000000769200000| PB 0x0000000769200000| Complete 
| 289|0x0000000769400000, 0x0000000769600000, 0x0000000769600000|100%| E|CS|TAMS 0x0000000769400000| PB 0x0000000769400000| Complete 
| 290|0x0000000769600000, 0x0000000769800000, 0x0000000769800000|100%| E|CS|TAMS 0x0000000769600000| PB 0x0000000769600000| Complete 
| 291|0x0000000769800000, 0x0000000769a00000, 0x0000000769a00000|100%| E|CS|TAMS 0x0000000769800000| PB 0x0000000769800000| Complete 
| 292|0x0000000769a00000, 0x0000000769c00000, 0x0000000769c00000|100%| E|CS|TAMS 0x0000000769a00000| PB 0x0000000769a00000| Complete 
| 293|0x0000000769c00000, 0x0000000769e00000, 0x0000000769e00000|100%| E|CS|TAMS 0x0000000769c00000| PB 0x0000000769c00000| Complete 
| 294|0x0000000769e00000, 0x000000076a000000, 0x000000076a000000|100%| E|CS|TAMS 0x0000000769e00000| PB 0x0000000769e00000| Complete 
| 295|0x000000076a000000, 0x000000076a200000, 0x000000076a200000|100%| E|CS|TAMS 0x000000076a000000| PB 0x000000076a000000| Complete 
| 296|0x000000076a200000, 0x000000076a400000, 0x000000076a400000|100%| E|CS|TAMS 0x000000076a200000| PB 0x000000076a200000| Complete 
| 297|0x000000076a400000, 0x000000076a600000, 0x000000076a600000|100%| E|CS|TAMS 0x000000076a400000| PB 0x000000076a400000| Complete 
| 298|0x000000076a600000, 0x000000076a800000, 0x000000076a800000|100%| E|CS|TAMS 0x000000076a600000| PB 0x000000076a600000| Complete 
| 299|0x000000076a800000, 0x000000076aa00000, 0x000000076aa00000|100%| E|CS|TAMS 0x000000076a800000| PB 0x000000076a800000| Complete 
| 300|0x000000076aa00000, 0x000000076ac00000, 0x000000076ac00000|100%| E|CS|TAMS 0x000000076aa00000| PB 0x000000076aa00000| Complete 
| 301|0x000000076ac00000, 0x000000076ae00000, 0x000000076ae00000|100%| E|CS|TAMS 0x000000076ac00000| PB 0x000000076ac00000| Complete 
| 302|0x000000076ae00000, 0x000000076b000000, 0x000000076b000000|100%| E|CS|TAMS 0x000000076ae00000| PB 0x000000076ae00000| Complete 
| 303|0x000000076b000000, 0x000000076b200000, 0x000000076b200000|100%| E|CS|TAMS 0x000000076b000000| PB 0x000000076b000000| Complete 
| 304|0x000000076b200000, 0x000000076b400000, 0x000000076b400000|100%| E|CS|TAMS 0x000000076b200000| PB 0x000000076b200000| Complete 
| 305|0x000000076b400000, 0x000000076b600000, 0x000000076b600000|100%| E|CS|TAMS 0x000000076b400000| PB 0x000000076b400000| Complete 
| 306|0x000000076b600000, 0x000000076b800000, 0x000000076b800000|100%| E|CS|TAMS 0x000000076b600000| PB 0x000000076b600000| Complete 
| 307|0x000000076b800000, 0x000000076ba00000, 0x000000076ba00000|100%| E|CS|TAMS 0x000000076b800000| PB 0x000000076b800000| Complete 
| 308|0x000000076ba00000, 0x000000076bc00000, 0x000000076bc00000|100%| E|CS|TAMS 0x000000076ba00000| PB 0x000000076ba00000| Complete 
| 309|0x000000076bc00000, 0x000000076be00000, 0x000000076be00000|100%| E|CS|TAMS 0x000000076bc00000| PB 0x000000076bc00000| Complete 
| 310|0x000000076be00000, 0x000000076c000000, 0x000000076c000000|100%| E|CS|TAMS 0x000000076be00000| PB 0x000000076be00000| Complete 
| 311|0x000000076c000000, 0x000000076c200000, 0x000000076c200000|100%| E|CS|TAMS 0x000000076c000000| PB 0x000000076c000000| Complete 
| 312|0x000000076c200000, 0x000000076c400000, 0x000000076c400000|100%| E|CS|TAMS 0x000000076c200000| PB 0x000000076c200000| Complete 
| 313|0x000000076c400000, 0x000000076c600000, 0x000000076c600000|100%| E|CS|TAMS 0x000000076c400000| PB 0x000000076c400000| Complete 
| 314|0x000000076c600000, 0x000000076c800000, 0x000000076c800000|100%| E|CS|TAMS 0x000000076c600000| PB 0x000000076c600000| Complete 
| 315|0x000000076c800000, 0x000000076ca00000, 0x000000076ca00000|100%| E|CS|TAMS 0x000000076c800000| PB 0x000000076c800000| Complete 
| 316|0x000000076ca00000, 0x000000076cc00000, 0x000000076cc00000|100%| E|CS|TAMS 0x000000076ca00000| PB 0x000000076ca00000| Complete 
| 317|0x000000076cc00000, 0x000000076ce00000, 0x000000076ce00000|100%| E|CS|TAMS 0x000000076cc00000| PB 0x000000076cc00000| Complete 
| 318|0x000000076ce00000, 0x000000076d000000, 0x000000076d000000|100%| E|CS|TAMS 0x000000076ce00000| PB 0x000000076ce00000| Complete 
| 319|0x000000076d000000, 0x000000076d200000, 0x000000076d200000|100%| E|CS|TAMS 0x000000076d000000| PB 0x000000076d000000| Complete 
| 320|0x000000076d200000, 0x000000076d400000, 0x000000076d400000|100%| E|CS|TAMS 0x000000076d200000| PB 0x000000076d200000| Complete 
| 321|0x000000076d400000, 0x000000076d600000, 0x000000076d600000|100%| E|CS|TAMS 0x000000076d400000| PB 0x000000076d400000| Complete 
| 322|0x000000076d600000, 0x000000076d800000, 0x000000076d800000|100%| E|CS|TAMS 0x000000076d600000| PB 0x000000076d600000| Complete 
| 323|0x000000076d800000, 0x000000076da00000, 0x000000076da00000|100%| E|CS|TAMS 0x000000076d800000| PB 0x000000076d800000| Complete 
| 324|0x000000076da00000, 0x000000076dc00000, 0x000000076dc00000|100%| E|CS|TAMS 0x000000076da00000| PB 0x000000076da00000| Complete 
| 325|0x000000076dc00000, 0x000000076de00000, 0x000000076de00000|100%| E|CS|TAMS 0x000000076dc00000| PB 0x000000076dc00000| Complete 
| 326|0x000000076de00000, 0x000000076e000000, 0x000000076e000000|100%| E|CS|TAMS 0x000000076de00000| PB 0x000000076de00000| Complete 
| 327|0x000000076e000000, 0x000000076e200000, 0x000000076e200000|100%| E|CS|TAMS 0x000000076e000000| PB 0x000000076e000000| Complete 
| 328|0x000000076e200000, 0x000000076e400000, 0x000000076e400000|100%| E|CS|TAMS 0x000000076e200000| PB 0x000000076e200000| Complete 
| 329|0x000000076e400000, 0x000000076e600000, 0x000000076e600000|100%| E|CS|TAMS 0x000000076e400000| PB 0x000000076e400000| Complete 
| 330|0x000000076e600000, 0x000000076e800000, 0x000000076e800000|100%| E|CS|TAMS 0x000000076e600000| PB 0x000000076e600000| Complete 
| 331|0x000000076e800000, 0x000000076ea00000, 0x000000076ea00000|100%| E|CS|TAMS 0x000000076e800000| PB 0x000000076e800000| Complete 
| 332|0x000000076ea00000, 0x000000076ec00000, 0x000000076ec00000|100%| E|CS|TAMS 0x000000076ea00000| PB 0x000000076ea00000| Complete 
| 333|0x000000076ec00000, 0x000000076ee00000, 0x000000076ee00000|100%| E|CS|TAMS 0x000000076ec00000| PB 0x000000076ec00000| Complete 
| 334|0x000000076ee00000, 0x000000076f000000, 0x000000076f000000|100%| E|CS|TAMS 0x000000076ee00000| PB 0x000000076ee00000| Complete 
| 335|0x000000076f000000, 0x000000076f200000, 0x000000076f200000|100%| E|CS|TAMS 0x000000076f000000| PB 0x000000076f000000| Complete 
| 336|0x000000076f200000, 0x000000076f400000, 0x000000076f400000|100%| E|CS|TAMS 0x000000076f200000| PB 0x000000076f200000| Complete 
| 337|0x000000076f400000, 0x000000076f600000, 0x000000076f600000|100%| E|CS|TAMS 0x000000076f400000| PB 0x000000076f400000| Complete 
| 338|0x000000076f600000, 0x000000076f800000, 0x000000076f800000|100%| E|CS|TAMS 0x000000076f600000| PB 0x000000076f600000| Complete 
| 339|0x000000076f800000, 0x000000076fa00000, 0x000000076fa00000|100%| E|CS|TAMS 0x000000076f800000| PB 0x000000076f800000| Complete 
| 340|0x000000076fa00000, 0x000000076fc00000, 0x000000076fc00000|100%| E|CS|TAMS 0x000000076fa00000| PB 0x000000076fa00000| Complete 
| 341|0x000000076fc00000, 0x000000076fe00000, 0x000000076fe00000|100%| E|CS|TAMS 0x000000076fc00000| PB 0x000000076fc00000| Complete 
| 342|0x000000076fe00000, 0x0000000770000000, 0x0000000770000000|100%| E|CS|TAMS 0x000000076fe00000| PB 0x000000076fe00000| Complete 
| 343|0x0000000770000000, 0x0000000770200000, 0x0000000770200000|100%| E|CS|TAMS 0x0000000770000000| PB 0x0000000770000000| Complete 
| 344|0x0000000770200000, 0x0000000770400000, 0x0000000770400000|100%| E|CS|TAMS 0x0000000770200000| PB 0x0000000770200000| Complete 
| 345|0x0000000770400000, 0x0000000770600000, 0x0000000770600000|100%| E|CS|TAMS 0x0000000770400000| PB 0x0000000770400000| Complete 
| 346|0x0000000770600000, 0x0000000770800000, 0x0000000770800000|100%| E|CS|TAMS 0x0000000770600000| PB 0x0000000770600000| Complete 
| 347|0x0000000770800000, 0x0000000770a00000, 0x0000000770a00000|100%| E|CS|TAMS 0x0000000770800000| PB 0x0000000770800000| Complete 
| 348|0x0000000770a00000, 0x0000000770c00000, 0x0000000770c00000|100%| E|CS|TAMS 0x0000000770a00000| PB 0x0000000770a00000| Complete 
| 349|0x0000000770c00000, 0x0000000770e00000, 0x0000000770e00000|100%| E|CS|TAMS 0x0000000770c00000| PB 0x0000000770c00000| Complete 
| 350|0x0000000770e00000, 0x0000000771000000, 0x0000000771000000|100%| E|CS|TAMS 0x0000000770e00000| PB 0x0000000770e00000| Complete 
| 351|0x0000000771000000, 0x0000000771200000, 0x0000000771200000|100%| E|CS|TAMS 0x0000000771000000| PB 0x0000000771000000| Complete 
| 352|0x0000000771200000, 0x0000000771400000, 0x0000000771400000|100%| E|CS|TAMS 0x0000000771200000| PB 0x0000000771200000| Complete 
| 353|0x0000000771400000, 0x0000000771600000, 0x0000000771600000|100%| E|CS|TAMS 0x0000000771400000| PB 0x0000000771400000| Complete 
| 354|0x0000000771600000, 0x0000000771800000, 0x0000000771800000|100%| E|CS|TAMS 0x0000000771600000| PB 0x0000000771600000| Complete 
| 355|0x0000000771800000, 0x0000000771a00000, 0x0000000771a00000|100%| E|CS|TAMS 0x0000000771800000| PB 0x0000000771800000| Complete 
| 356|0x0000000771a00000, 0x0000000771c00000, 0x0000000771c00000|100%| E|CS|TAMS 0x0000000771a00000| PB 0x0000000771a00000| Complete 
| 357|0x0000000771c00000, 0x0000000771e00000, 0x0000000771e00000|100%| E|CS|TAMS 0x0000000771c00000| PB 0x0000000771c00000| Complete 
| 358|0x0000000771e00000, 0x0000000772000000, 0x0000000772000000|100%| E|CS|TAMS 0x0000000771e00000| PB 0x0000000771e00000| Complete 
| 359|0x0000000772000000, 0x0000000772200000, 0x0000000772200000|100%| E|CS|TAMS 0x0000000772000000| PB 0x0000000772000000| Complete 
| 360|0x0000000772200000, 0x0000000772400000, 0x0000000772400000|100%| E|CS|TAMS 0x0000000772200000| PB 0x0000000772200000| Complete 
| 361|0x0000000772400000, 0x0000000772600000, 0x0000000772600000|100%| E|CS|TAMS 0x0000000772400000| PB 0x0000000772400000| Complete 
| 362|0x0000000772600000, 0x0000000772800000, 0x0000000772800000|100%| E|CS|TAMS 0x0000000772600000| PB 0x0000000772600000| Complete 
| 363|0x0000000772800000, 0x0000000772a00000, 0x0000000772a00000|100%| E|CS|TAMS 0x0000000772800000| PB 0x0000000772800000| Complete 
| 364|0x0000000772a00000, 0x0000000772c00000, 0x0000000772c00000|100%| E|CS|TAMS 0x0000000772a00000| PB 0x0000000772a00000| Complete 
| 365|0x0000000772c00000, 0x0000000772e00000, 0x0000000772e00000|100%| E|CS|TAMS 0x0000000772c00000| PB 0x0000000772c00000| Complete 
| 366|0x0000000772e00000, 0x0000000773000000, 0x0000000773000000|100%| E|CS|TAMS 0x0000000772e00000| PB 0x0000000772e00000| Complete 
| 367|0x0000000773000000, 0x0000000773200000, 0x0000000773200000|100%| E|CS|TAMS 0x0000000773000000| PB 0x0000000773000000| Complete 
| 368|0x0000000773200000, 0x0000000773400000, 0x0000000773400000|100%| E|CS|TAMS 0x0000000773200000| PB 0x0000000773200000| Complete 
| 369|0x0000000773400000, 0x0000000773600000, 0x0000000773600000|100%| E|CS|TAMS 0x0000000773400000| PB 0x0000000773400000| Complete 
| 370|0x0000000773600000, 0x0000000773800000, 0x0000000773800000|100%| E|CS|TAMS 0x0000000773600000| PB 0x0000000773600000| Complete 
| 371|0x0000000773800000, 0x0000000773a00000, 0x0000000773a00000|100%| E|CS|TAMS 0x0000000773800000| PB 0x0000000773800000| Complete 
| 372|0x0000000773a00000, 0x0000000773c00000, 0x0000000773c00000|100%| E|CS|TAMS 0x0000000773a00000| PB 0x0000000773a00000| Complete 
| 373|0x0000000773c00000, 0x0000000773e00000, 0x0000000773e00000|100%| E|CS|TAMS 0x0000000773c00000| PB 0x0000000773c00000| Complete 
| 374|0x0000000773e00000, 0x0000000774000000, 0x0000000774000000|100%| E|CS|TAMS 0x0000000773e00000| PB 0x0000000773e00000| Complete 
| 375|0x0000000774000000, 0x0000000774200000, 0x0000000774200000|100%| E|CS|TAMS 0x0000000774000000| PB 0x0000000774000000| Complete 
| 376|0x0000000774200000, 0x0000000774400000, 0x0000000774400000|100%| E|CS|TAMS 0x0000000774200000| PB 0x0000000774200000| Complete 
| 377|0x0000000774400000, 0x0000000774600000, 0x0000000774600000|100%| E|CS|TAMS 0x0000000774400000| PB 0x0000000774400000| Complete 
| 378|0x0000000774600000, 0x0000000774800000, 0x0000000774800000|100%| E|CS|TAMS 0x0000000774600000| PB 0x0000000774600000| Complete 
| 379|0x0000000774800000, 0x0000000774a00000, 0x0000000774a00000|100%| E|CS|TAMS 0x0000000774800000| PB 0x0000000774800000| Complete 
| 380|0x0000000774a00000, 0x0000000774c00000, 0x0000000774c00000|100%| E|CS|TAMS 0x0000000774a00000| PB 0x0000000774a00000| Complete 
| 381|0x0000000774c00000, 0x0000000774e00000, 0x0000000774e00000|100%| E|CS|TAMS 0x0000000774c00000| PB 0x0000000774c00000| Complete 
| 382|0x0000000774e00000, 0x0000000775000000, 0x0000000775000000|100%| E|CS|TAMS 0x0000000774e00000| PB 0x0000000774e00000| Complete 
| 383|0x0000000775000000, 0x0000000775200000, 0x0000000775200000|100%| E|CS|TAMS 0x0000000775000000| PB 0x0000000775000000| Complete 
| 384|0x0000000775200000, 0x0000000775400000, 0x0000000775400000|100%| E|CS|TAMS 0x0000000775200000| PB 0x0000000775200000| Complete 
| 385|0x0000000775400000, 0x0000000775600000, 0x0000000775600000|100%| E|CS|TAMS 0x0000000775400000| PB 0x0000000775400000| Complete 
| 386|0x0000000775600000, 0x0000000775800000, 0x0000000775800000|100%| E|CS|TAMS 0x0000000775600000| PB 0x0000000775600000| Complete 
| 387|0x0000000775800000, 0x0000000775a00000, 0x0000000775a00000|100%| E|CS|TAMS 0x0000000775800000| PB 0x0000000775800000| Complete 
| 388|0x0000000775a00000, 0x0000000775c00000, 0x0000000775c00000|100%| E|CS|TAMS 0x0000000775a00000| PB 0x0000000775a00000| Complete 
| 389|0x0000000775c00000, 0x0000000775e00000, 0x0000000775e00000|100%| E|CS|TAMS 0x0000000775c00000| PB 0x0000000775c00000| Complete 
| 390|0x0000000775e00000, 0x0000000776000000, 0x0000000776000000|100%| E|CS|TAMS 0x0000000775e00000| PB 0x0000000775e00000| Complete 
| 391|0x0000000776000000, 0x0000000776200000, 0x0000000776200000|100%| E|CS|TAMS 0x0000000776000000| PB 0x0000000776000000| Complete 
| 392|0x0000000776200000, 0x0000000776400000, 0x0000000776400000|100%| E|CS|TAMS 0x0000000776200000| PB 0x0000000776200000| Complete 
| 393|0x0000000776400000, 0x0000000776600000, 0x0000000776600000|100%| E|CS|TAMS 0x0000000776400000| PB 0x0000000776400000| Complete 
| 394|0x0000000776600000, 0x0000000776800000, 0x0000000776800000|100%| E|CS|TAMS 0x0000000776600000| PB 0x0000000776600000| Complete 
| 395|0x0000000776800000, 0x0000000776a00000, 0x0000000776a00000|100%| E|CS|TAMS 0x0000000776800000| PB 0x0000000776800000| Complete 
| 396|0x0000000776a00000, 0x0000000776c00000, 0x0000000776c00000|100%| E|CS|TAMS 0x0000000776a00000| PB 0x0000000776a00000| Complete 
| 397|0x0000000776c00000, 0x0000000776e00000, 0x0000000776e00000|100%| E|CS|TAMS 0x0000000776c00000| PB 0x0000000776c00000| Complete 
| 398|0x0000000776e00000, 0x0000000777000000, 0x0000000777000000|100%| E|CS|TAMS 0x0000000776e00000| PB 0x0000000776e00000| Complete 
| 399|0x0000000777000000, 0x0000000777200000, 0x0000000777200000|100%| E|CS|TAMS 0x0000000777000000| PB 0x0000000777000000| Complete 
| 400|0x0000000777200000, 0x0000000777400000, 0x0000000777400000|100%| E|CS|TAMS 0x0000000777200000| PB 0x0000000777200000| Complete 
| 401|0x0000000777400000, 0x0000000777600000, 0x0000000777600000|100%| E|CS|TAMS 0x0000000777400000| PB 0x0000000777400000| Complete 
| 402|0x0000000777600000, 0x0000000777800000, 0x0000000777800000|100%| E|CS|TAMS 0x0000000777600000| PB 0x0000000777600000| Complete 
| 403|0x0000000777800000, 0x0000000777a00000, 0x0000000777a00000|100%| E|CS|TAMS 0x0000000777800000| PB 0x0000000777800000| Complete 
| 404|0x0000000777a00000, 0x0000000777c00000, 0x0000000777c00000|100%| E|CS|TAMS 0x0000000777a00000| PB 0x0000000777a00000| Complete 
| 405|0x0000000777c00000, 0x0000000777e00000, 0x0000000777e00000|100%| E|CS|TAMS 0x0000000777c00000| PB 0x0000000777c00000| Complete 
| 406|0x0000000777e00000, 0x0000000778000000, 0x0000000778000000|100%| E|CS|TAMS 0x0000000777e00000| PB 0x0000000777e00000| Complete 
| 407|0x0000000778000000, 0x0000000778200000, 0x0000000778200000|100%|HS|  |TAMS 0x0000000778000000| PB 0x0000000778000000| Complete 
| 408|0x0000000778200000, 0x0000000778400000, 0x0000000778400000|100%|HC|  |TAMS 0x0000000778200000| PB 0x0000000778200000| Complete 
| 409|0x0000000778400000, 0x0000000778600000, 0x0000000778600000|100%|HC|  |TAMS 0x0000000778400000| PB 0x0000000778400000| Complete 
| 410|0x0000000778600000, 0x0000000778800000, 0x0000000778800000|100%|HC|  |TAMS 0x0000000778600000| PB 0x0000000778600000| Complete 
| 411|0x0000000778800000, 0x0000000778a00000, 0x0000000778a00000|100%|HC|  |TAMS 0x0000000778800000| PB 0x0000000778800000| Complete 
| 412|0x0000000778a00000, 0x0000000778c00000, 0x0000000778c00000|100%|HC|  |TAMS 0x0000000778a00000| PB 0x0000000778a00000| Complete 
| 413|0x0000000778c00000, 0x0000000778e00000, 0x0000000778e00000|100%|HC|  |TAMS 0x0000000778c00000| PB 0x0000000778c00000| Complete 
| 414|0x0000000778e00000, 0x0000000779000000, 0x0000000779000000|100%|HC|  |TAMS 0x0000000778e00000| PB 0x0000000778e00000| Complete 
| 415|0x0000000779000000, 0x0000000779200000, 0x0000000779200000|100%|HC|  |TAMS 0x0000000779000000| PB 0x0000000779000000| Complete 
| 416|0x0000000779200000, 0x0000000779400000, 0x0000000779400000|100%|HC|  |TAMS 0x0000000779200000| PB 0x0000000779200000| Complete 
| 417|0x0000000779400000, 0x0000000779600000, 0x0000000779600000|100%|HC|  |TAMS 0x0000000779400000| PB 0x0000000779400000| Complete 
| 418|0x0000000779600000, 0x0000000779800000, 0x0000000779800000|100%|HC|  |TAMS 0x0000000779600000| PB 0x0000000779600000| Complete 
| 419|0x0000000779800000, 0x0000000779a00000, 0x0000000779a00000|100%|HC|  |TAMS 0x0000000779800000| PB 0x0000000779800000| Complete 
| 420|0x0000000779a00000, 0x0000000779c00000, 0x0000000779c00000|100%|HC|  |TAMS 0x0000000779a00000| PB 0x0000000779a00000| Complete 
| 421|0x0000000779c00000, 0x0000000779e00000, 0x0000000779e00000|100%|HC|  |TAMS 0x0000000779c00000| PB 0x0000000779c00000| Complete 
| 422|0x0000000779e00000, 0x000000077a000000, 0x000000077a000000|100%|HC|  |TAMS 0x0000000779e00000| PB 0x0000000779e00000| Complete 
| 423|0x000000077a000000, 0x000000077a200000, 0x000000077a200000|100%|HC|  |TAMS 0x000000077a000000| PB 0x000000077a000000| Complete 
| 424|0x000000077a200000, 0x000000077a400000, 0x000000077a400000|100%|HC|  |TAMS 0x000000077a200000| PB 0x000000077a200000| Complete 
| 425|0x000000077a400000, 0x000000077a600000, 0x000000077a600000|100%|HC|  |TAMS 0x000000077a400000| PB 0x000000077a400000| Complete 
| 426|0x000000077a600000, 0x000000077a800000, 0x000000077a800000|100%|HC|  |TAMS 0x000000077a600000| PB 0x000000077a600000| Complete 
| 427|0x000000077a800000, 0x000000077aa00000, 0x000000077aa00000|100%|HC|  |TAMS 0x000000077a800000| PB 0x000000077a800000| Complete 
| 428|0x000000077aa00000, 0x000000077ac00000, 0x000000077ac00000|100%|HC|  |TAMS 0x000000077aa00000| PB 0x000000077aa00000| Complete 
| 429|0x000000077ac00000, 0x000000077ae00000, 0x000000077ae00000|100%|HC|  |TAMS 0x000000077ac00000| PB 0x000000077ac00000| Complete 
| 430|0x000000077ae00000, 0x000000077b000000, 0x000000077b000000|100%|HC|  |TAMS 0x000000077ae00000| PB 0x000000077ae00000| Complete 
| 431|0x000000077b000000, 0x000000077b200000, 0x000000077b200000|100%|HC|  |TAMS 0x000000077b000000| PB 0x000000077b000000| Complete 
| 432|0x000000077b200000, 0x000000077b400000, 0x000000077b400000|100%|HC|  |TAMS 0x000000077b200000| PB 0x000000077b200000| Complete 
| 433|0x000000077b400000, 0x000000077b600000, 0x000000077b600000|100%|HC|  |TAMS 0x000000077b400000| PB 0x000000077b400000| Complete 
| 434|0x000000077b600000, 0x000000077b800000, 0x000000077b800000|100%|HC|  |TAMS 0x000000077b600000| PB 0x000000077b600000| Complete 
| 435|0x000000077b800000, 0x000000077ba00000, 0x000000077ba00000|100%|HC|  |TAMS 0x000000077b800000| PB 0x000000077b800000| Complete 
| 436|0x000000077ba00000, 0x000000077bc00000, 0x000000077bc00000|100%|HC|  |TAMS 0x000000077ba00000| PB 0x000000077ba00000| Complete 
| 437|0x000000077bc00000, 0x000000077be00000, 0x000000077be00000|100%|HC|  |TAMS 0x000000077bc00000| PB 0x000000077bc00000| Complete 
| 438|0x000000077be00000, 0x000000077c000000, 0x000000077c000000|100%|HC|  |TAMS 0x000000077be00000| PB 0x000000077be00000| Complete 
| 439|0x000000077c000000, 0x000000077c200000, 0x000000077c200000|100%|HC|  |TAMS 0x000000077c000000| PB 0x000000077c000000| Complete 
| 440|0x000000077c200000, 0x000000077c400000, 0x000000077c400000|100%|HC|  |TAMS 0x000000077c200000| PB 0x000000077c200000| Complete 
| 441|0x000000077c400000, 0x000000077c600000, 0x000000077c600000|100%|HC|  |TAMS 0x000000077c400000| PB 0x000000077c400000| Complete 
| 442|0x000000077c600000, 0x000000077c800000, 0x000000077c800000|100%|HC|  |TAMS 0x000000077c600000| PB 0x000000077c600000| Complete 
| 443|0x000000077c800000, 0x000000077ca00000, 0x000000077ca00000|100%|HC|  |TAMS 0x000000077c800000| PB 0x000000077c800000| Complete 
| 444|0x000000077ca00000, 0x000000077cc00000, 0x000000077cc00000|100%|HC|  |TAMS 0x000000077ca00000| PB 0x000000077ca00000| Complete 
| 445|0x000000077cc00000, 0x000000077ce00000, 0x000000077ce00000|100%|HC|  |TAMS 0x000000077cc00000| PB 0x000000077cc00000| Complete 
| 446|0x000000077ce00000, 0x000000077d000000, 0x000000077d000000|100%|HC|  |TAMS 0x000000077ce00000| PB 0x000000077ce00000| Complete 
| 447|0x000000077d000000, 0x000000077d200000, 0x000000077d200000|100%|HC|  |TAMS 0x000000077d000000| PB 0x000000077d000000| Complete 
| 448|0x000000077d200000, 0x000000077d400000, 0x000000077d400000|100%|HC|  |TAMS 0x000000077d200000| PB 0x000000077d200000| Complete 
| 449|0x000000077d400000, 0x000000077d600000, 0x000000077d600000|100%|HC|  |TAMS 0x000000077d400000| PB 0x000000077d400000| Complete 
| 450|0x000000077d600000, 0x000000077d800000, 0x000000077d800000|100%|HC|  |TAMS 0x000000077d600000| PB 0x000000077d600000| Complete 
| 451|0x000000077d800000, 0x000000077da00000, 0x000000077da00000|100%|HC|  |TAMS 0x000000077d800000| PB 0x000000077d800000| Complete 
| 452|0x000000077da00000, 0x000000077dc00000, 0x000000077dc00000|100%|HC|  |TAMS 0x000000077da00000| PB 0x000000077da00000| Complete 
| 453|0x000000077dc00000, 0x000000077de00000, 0x000000077de00000|100%|HC|  |TAMS 0x000000077dc00000| PB 0x000000077dc00000| Complete 
| 454|0x000000077de00000, 0x000000077e000000, 0x000000077e000000|100%|HC|  |TAMS 0x000000077de00000| PB 0x000000077de00000| Complete 
| 455|0x000000077e000000, 0x000000077e200000, 0x000000077e200000|100%|HC|  |TAMS 0x000000077e000000| PB 0x000000077e000000| Complete 
| 456|0x000000077e200000, 0x000000077e400000, 0x000000077e400000|100%|HC|  |TAMS 0x000000077e200000| PB 0x000000077e200000| Complete 
| 457|0x000000077e400000, 0x000000077e600000, 0x000000077e600000|100%|HC|  |TAMS 0x000000077e400000| PB 0x000000077e400000| Complete 
| 458|0x000000077e600000, 0x000000077e800000, 0x000000077e800000|100%|HC|  |TAMS 0x000000077e600000| PB 0x000000077e600000| Complete 
| 459|0x000000077e800000, 0x000000077ea00000, 0x000000077ea00000|100%|HC|  |TAMS 0x000000077e800000| PB 0x000000077e800000| Complete 
| 460|0x000000077ea00000, 0x000000077ec00000, 0x000000077ec00000|100%|HC|  |TAMS 0x000000077ea00000| PB 0x000000077ea00000| Complete 
| 461|0x000000077ec00000, 0x000000077ee00000, 0x000000077ee00000|100%|HC|  |TAMS 0x000000077ec00000| PB 0x000000077ec00000| Complete 
| 462|0x000000077ee00000, 0x000000077f000000, 0x000000077f000000|100%|HC|  |TAMS 0x000000077ee00000| PB 0x000000077ee00000| Complete 
| 463|0x000000077f000000, 0x000000077f200000, 0x000000077f200000|100%|HC|  |TAMS 0x000000077f000000| PB 0x000000077f000000| Complete 
| 464|0x000000077f200000, 0x000000077f400000, 0x000000077f400000|100%|HC|  |TAMS 0x000000077f200000| PB 0x000000077f200000| Complete 
| 465|0x000000077f400000, 0x000000077f600000, 0x000000077f600000|100%|HC|  |TAMS 0x000000077f400000| PB 0x000000077f400000| Complete 
| 466|0x000000077f600000, 0x000000077f800000, 0x000000077f800000|100%|HC|  |TAMS 0x000000077f600000| PB 0x000000077f600000| Complete 
| 467|0x000000077f800000, 0x000000077fa00000, 0x000000077fa00000|100%|HC|  |TAMS 0x000000077f800000| PB 0x000000077f800000| Complete 
| 468|0x000000077fa00000, 0x000000077fc00000, 0x000000077fc00000|100%|HC|  |TAMS 0x000000077fa00000| PB 0x000000077fa00000| Complete 
| 469|0x000000077fc00000, 0x000000077fe00000, 0x000000077fe00000|100%|HC|  |TAMS 0x000000077fc00000| PB 0x000000077fc00000| Complete 
| 470|0x000000077fe00000, 0x0000000780000000, 0x0000000780000000|100%|HC|  |TAMS 0x000000077fe00000| PB 0x000000077fe00000| Complete 
| 471|0x0000000780000000, 0x0000000780200000, 0x0000000780200000|100%|HC|  |TAMS 0x0000000780000000| PB 0x0000000780000000| Complete 
| 472|0x0000000780200000, 0x0000000780400000, 0x0000000780400000|100%|HC|  |TAMS 0x0000000780200000| PB 0x0000000780200000| Complete 
| 473|0x0000000780400000, 0x0000000780600000, 0x0000000780600000|100%|HC|  |TAMS 0x0000000780400000| PB 0x0000000780400000| Complete 
| 474|0x0000000780600000, 0x0000000780800000, 0x0000000780800000|100%|HC|  |TAMS 0x0000000780600000| PB 0x0000000780600000| Complete 
| 475|0x0000000780800000, 0x0000000780a00000, 0x0000000780a00000|100%|HC|  |TAMS 0x0000000780800000| PB 0x0000000780800000| Complete 
| 476|0x0000000780a00000, 0x0000000780c00000, 0x0000000780c00000|100%|HC|  |TAMS 0x0000000780a00000| PB 0x0000000780a00000| Complete 
| 477|0x0000000780c00000, 0x0000000780e00000, 0x0000000780e00000|100%|HC|  |TAMS 0x0000000780c00000| PB 0x0000000780c00000| Complete 
| 478|0x0000000780e00000, 0x0000000781000000, 0x0000000781000000|100%|HC|  |TAMS 0x0000000780e00000| PB 0x0000000780e00000| Complete 
| 479|0x0000000781000000, 0x0000000781200000, 0x0000000781200000|100%|HC|  |TAMS 0x0000000781000000| PB 0x0000000781000000| Complete 
| 480|0x0000000781200000, 0x0000000781400000, 0x0000000781400000|100%|HC|  |TAMS 0x0000000781200000| PB 0x0000000781200000| Complete 
| 481|0x0000000781400000, 0x0000000781600000, 0x0000000781600000|100%|HC|  |TAMS 0x0000000781400000| PB 0x0000000781400000| Complete 
| 482|0x0000000781600000, 0x0000000781800000, 0x0000000781800000|100%|HC|  |TAMS 0x0000000781600000| PB 0x0000000781600000| Complete 
| 483|0x0000000781800000, 0x0000000781a00000, 0x0000000781a00000|100%|HC|  |TAMS 0x0000000781800000| PB 0x0000000781800000| Complete 
| 484|0x0000000781a00000, 0x0000000781c00000, 0x0000000781c00000|100%|HC|  |TAMS 0x0000000781a00000| PB 0x0000000781a00000| Complete 
| 485|0x0000000781c00000, 0x0000000781e00000, 0x0000000781e00000|100%|HC|  |TAMS 0x0000000781c00000| PB 0x0000000781c00000| Complete 
| 486|0x0000000781e00000, 0x0000000782000000, 0x0000000782000000|100%|HC|  |TAMS 0x0000000781e00000| PB 0x0000000781e00000| Complete 
| 487|0x0000000782000000, 0x0000000782200000, 0x0000000782200000|100%|HC|  |TAMS 0x0000000782000000| PB 0x0000000782000000| Complete 
| 488|0x0000000782200000, 0x0000000782400000, 0x0000000782400000|100%|HC|  |TAMS 0x0000000782200000| PB 0x0000000782200000| Complete 
| 489|0x0000000782400000, 0x0000000782600000, 0x0000000782600000|100%|HC|  |TAMS 0x0000000782400000| PB 0x0000000782400000| Complete 
| 490|0x0000000782600000, 0x0000000782800000, 0x0000000782800000|100%|HC|  |TAMS 0x0000000782600000| PB 0x0000000782600000| Complete 
| 491|0x0000000782800000, 0x0000000782a00000, 0x0000000782a00000|100%|HC|  |TAMS 0x0000000782800000| PB 0x0000000782800000| Complete 
| 492|0x0000000782a00000, 0x0000000782c00000, 0x0000000782c00000|100%|HC|  |TAMS 0x0000000782a00000| PB 0x0000000782a00000| Complete 
| 493|0x0000000782c00000, 0x0000000782e00000, 0x0000000782e00000|100%|HC|  |TAMS 0x0000000782c00000| PB 0x0000000782c00000| Complete 
| 494|0x0000000782e00000, 0x0000000783000000, 0x0000000783000000|100%|HC|  |TAMS 0x0000000782e00000| PB 0x0000000782e00000| Complete 
| 495|0x0000000783000000, 0x0000000783200000, 0x0000000783200000|100%|HC|  |TAMS 0x0000000783000000| PB 0x0000000783000000| Complete 
| 496|0x0000000783200000, 0x0000000783400000, 0x0000000783400000|100%|HC|  |TAMS 0x0000000783200000| PB 0x0000000783200000| Complete 
| 497|0x0000000783400000, 0x0000000783600000, 0x0000000783600000|100%|HC|  |TAMS 0x0000000783400000| PB 0x0000000783400000| Complete 
| 498|0x0000000783600000, 0x0000000783800000, 0x0000000783800000|100%|HC|  |TAMS 0x0000000783600000| PB 0x0000000783600000| Complete 
| 499|0x0000000783800000, 0x0000000783a00000, 0x0000000783a00000|100%|HC|  |TAMS 0x0000000783800000| PB 0x0000000783800000| Complete 
| 500|0x0000000783a00000, 0x0000000783c00000, 0x0000000783c00000|100%|HC|  |TAMS 0x0000000783a00000| PB 0x0000000783a00000| Complete 
| 501|0x0000000783c00000, 0x0000000783e00000, 0x0000000783e00000|100%|HC|  |TAMS 0x0000000783c00000| PB 0x0000000783c00000| Complete 
| 502|0x0000000783e00000, 0x0000000784000000, 0x0000000784000000|100%|HC|  |TAMS 0x0000000783e00000| PB 0x0000000783e00000| Complete 
| 503|0x0000000784000000, 0x0000000784200000, 0x0000000784200000|100%|HC|  |TAMS 0x0000000784000000| PB 0x0000000784000000| Complete 
| 504|0x0000000784200000, 0x0000000784400000, 0x0000000784400000|100%|HC|  |TAMS 0x0000000784200000| PB 0x0000000784200000| Complete 
| 505|0x0000000784400000, 0x0000000784600000, 0x0000000784600000|100%|HC|  |TAMS 0x0000000784400000| PB 0x0000000784400000| Complete 
| 506|0x0000000784600000, 0x0000000784800000, 0x0000000784800000|100%|HC|  |TAMS 0x0000000784600000| PB 0x0000000784600000| Complete 
| 507|0x0000000784800000, 0x0000000784a00000, 0x0000000784a00000|100%|HC|  |TAMS 0x0000000784800000| PB 0x0000000784800000| Complete 
| 508|0x0000000784a00000, 0x0000000784c00000, 0x0000000784c00000|100%|HC|  |TAMS 0x0000000784a00000| PB 0x0000000784a00000| Complete 
| 509|0x0000000784c00000, 0x0000000784e00000, 0x0000000784e00000|100%|HC|  |TAMS 0x0000000784c00000| PB 0x0000000784c00000| Complete 
| 510|0x0000000784e00000, 0x0000000785000000, 0x0000000785000000|100%|HC|  |TAMS 0x0000000784e00000| PB 0x0000000784e00000| Complete 
| 511|0x0000000785000000, 0x0000000785200000, 0x0000000785200000|100%|HC|  |TAMS 0x0000000785000000| PB 0x0000000785000000| Complete 
| 512|0x0000000785200000, 0x0000000785400000, 0x0000000785400000|100%|HC|  |TAMS 0x0000000785200000| PB 0x0000000785200000| Complete 
| 513|0x0000000785400000, 0x0000000785600000, 0x0000000785600000|100%|HC|  |TAMS 0x0000000785400000| PB 0x0000000785400000| Complete 
| 514|0x0000000785600000, 0x0000000785800000, 0x0000000785800000|100%|HC|  |TAMS 0x0000000785600000| PB 0x0000000785600000| Complete 
| 515|0x0000000785800000, 0x0000000785a00000, 0x0000000785a00000|100%|HC|  |TAMS 0x0000000785800000| PB 0x0000000785800000| Complete 
| 516|0x0000000785a00000, 0x0000000785c00000, 0x0000000785c00000|100%|HC|  |TAMS 0x0000000785a00000| PB 0x0000000785a00000| Complete 
| 517|0x0000000785c00000, 0x0000000785e00000, 0x0000000785e00000|100%|HC|  |TAMS 0x0000000785c00000| PB 0x0000000785c00000| Complete 
| 518|0x0000000785e00000, 0x0000000786000000, 0x0000000786000000|100%|HC|  |TAMS 0x0000000785e00000| PB 0x0000000785e00000| Complete 
| 519|0x0000000786000000, 0x0000000786200000, 0x0000000786200000|100%|HC|  |TAMS 0x0000000786000000| PB 0x0000000786000000| Complete 
| 520|0x0000000786200000, 0x0000000786400000, 0x0000000786400000|100%|HC|  |TAMS 0x0000000786200000| PB 0x0000000786200000| Complete 
| 521|0x0000000786400000, 0x0000000786600000, 0x0000000786600000|100%|HC|  |TAMS 0x0000000786400000| PB 0x0000000786400000| Complete 
| 522|0x0000000786600000, 0x0000000786800000, 0x0000000786800000|100%|HC|  |TAMS 0x0000000786600000| PB 0x0000000786600000| Complete 
| 523|0x0000000786800000, 0x0000000786a00000, 0x0000000786a00000|100%|HC|  |TAMS 0x0000000786800000| PB 0x0000000786800000| Complete 
| 524|0x0000000786a00000, 0x0000000786c00000, 0x0000000786c00000|100%|HC|  |TAMS 0x0000000786a00000| PB 0x0000000786a00000| Complete 
| 525|0x0000000786c00000, 0x0000000786e00000, 0x0000000786e00000|100%|HC|  |TAMS 0x0000000786c00000| PB 0x0000000786c00000| Complete 
| 526|0x0000000786e00000, 0x0000000787000000, 0x0000000787000000|100%|HC|  |TAMS 0x0000000786e00000| PB 0x0000000786e00000| Complete 
| 527|0x0000000787000000, 0x0000000787200000, 0x0000000787200000|100%|HC|  |TAMS 0x0000000787000000| PB 0x0000000787000000| Complete 
| 528|0x0000000787200000, 0x0000000787400000, 0x0000000787400000|100%|HC|  |TAMS 0x0000000787200000| PB 0x0000000787200000| Complete 
| 529|0x0000000787400000, 0x0000000787600000, 0x0000000787600000|100%|HC|  |TAMS 0x0000000787400000| PB 0x0000000787400000| Complete 
| 530|0x0000000787600000, 0x0000000787800000, 0x0000000787800000|100%|HC|  |TAMS 0x0000000787600000| PB 0x0000000787600000| Complete 
| 531|0x0000000787800000, 0x0000000787a00000, 0x0000000787a00000|100%|HC|  |TAMS 0x0000000787800000| PB 0x0000000787800000| Complete 
| 532|0x0000000787a00000, 0x0000000787c00000, 0x0000000787c00000|100%|HC|  |TAMS 0x0000000787a00000| PB 0x0000000787a00000| Complete 
| 533|0x0000000787c00000, 0x0000000787e00000, 0x0000000787e00000|100%|HC|  |TAMS 0x0000000787c00000| PB 0x0000000787c00000| Complete 
| 534|0x0000000787e00000, 0x0000000788000000, 0x0000000788000000|100%|HC|  |TAMS 0x0000000787e00000| PB 0x0000000787e00000| Complete 
| 535|0x0000000788000000, 0x0000000788200000, 0x0000000788200000|100%|HC|  |TAMS 0x0000000788000000| PB 0x0000000788000000| Complete 
| 536|0x0000000788200000, 0x0000000788400000, 0x0000000788400000|100%|HC|  |TAMS 0x0000000788200000| PB 0x0000000788200000| Complete 
| 537|0x0000000788400000, 0x0000000788600000, 0x0000000788600000|100%|HC|  |TAMS 0x0000000788400000| PB 0x0000000788400000| Complete 
| 538|0x0000000788600000, 0x0000000788800000, 0x0000000788800000|100%|HC|  |TAMS 0x0000000788600000| PB 0x0000000788600000| Complete 
| 539|0x0000000788800000, 0x0000000788a00000, 0x0000000788a00000|100%|HC|  |TAMS 0x0000000788800000| PB 0x0000000788800000| Complete 
| 540|0x0000000788a00000, 0x0000000788c00000, 0x0000000788c00000|100%|HC|  |TAMS 0x0000000788a00000| PB 0x0000000788a00000| Complete 
| 541|0x0000000788c00000, 0x0000000788e00000, 0x0000000788e00000|100%|HC|  |TAMS 0x0000000788c00000| PB 0x0000000788c00000| Complete 
| 542|0x0000000788e00000, 0x0000000789000000, 0x0000000789000000|100%|HC|  |TAMS 0x0000000788e00000| PB 0x0000000788e00000| Complete 
| 543|0x0000000789000000, 0x0000000789200000, 0x0000000789200000|100%|HC|  |TAMS 0x0000000789000000| PB 0x0000000789000000| Complete 
| 544|0x0000000789200000, 0x0000000789400000, 0x0000000789400000|100%|HC|  |TAMS 0x0000000789200000| PB 0x0000000789200000| Complete 
| 545|0x0000000789400000, 0x0000000789600000, 0x0000000789600000|100%|HC|  |TAMS 0x0000000789400000| PB 0x0000000789400000| Complete 
| 546|0x0000000789600000, 0x0000000789800000, 0x0000000789800000|100%|HC|  |TAMS 0x0000000789600000| PB 0x0000000789600000| Complete 
| 547|0x0000000789800000, 0x0000000789a00000, 0x0000000789a00000|100%|HC|  |TAMS 0x0000000789800000| PB 0x0000000789800000| Complete 
| 548|0x0000000789a00000, 0x0000000789c00000, 0x0000000789c00000|100%|HC|  |TAMS 0x0000000789a00000| PB 0x0000000789a00000| Complete 
| 549|0x0000000789c00000, 0x0000000789e00000, 0x0000000789e00000|100%|HC|  |TAMS 0x0000000789c00000| PB 0x0000000789c00000| Complete 
| 550|0x0000000789e00000, 0x000000078a000000, 0x000000078a000000|100%|HC|  |TAMS 0x0000000789e00000| PB 0x0000000789e00000| Complete 
| 551|0x000000078a000000, 0x000000078a200000, 0x000000078a200000|100%|HC|  |TAMS 0x000000078a000000| PB 0x000000078a000000| Complete 
| 552|0x000000078a200000, 0x000000078a400000, 0x000000078a400000|100%|HC|  |TAMS 0x000000078a200000| PB 0x000000078a200000| Complete 
| 553|0x000000078a400000, 0x000000078a600000, 0x000000078a600000|100%|HC|  |TAMS 0x000000078a400000| PB 0x000000078a400000| Complete 
| 554|0x000000078a600000, 0x000000078a800000, 0x000000078a800000|100%|HC|  |TAMS 0x000000078a600000| PB 0x000000078a600000| Complete 
| 555|0x000000078a800000, 0x000000078aa00000, 0x000000078aa00000|100%|HC|  |TAMS 0x000000078a800000| PB 0x000000078a800000| Complete 
| 556|0x000000078aa00000, 0x000000078ac00000, 0x000000078ac00000|100%|HC|  |TAMS 0x000000078aa00000| PB 0x000000078aa00000| Complete 
| 557|0x000000078ac00000, 0x000000078ae00000, 0x000000078ae00000|100%|HC|  |TAMS 0x000000078ac00000| PB 0x000000078ac00000| Complete 
| 558|0x000000078ae00000, 0x000000078b000000, 0x000000078b000000|100%|HC|  |TAMS 0x000000078ae00000| PB 0x000000078ae00000| Complete 
| 559|0x000000078b000000, 0x000000078b200000, 0x000000078b200000|100%|HC|  |TAMS 0x000000078b000000| PB 0x000000078b000000| Complete 
| 560|0x000000078b200000, 0x000000078b400000, 0x000000078b400000|100%|HC|  |TAMS 0x000000078b200000| PB 0x000000078b200000| Complete 
| 561|0x000000078b400000, 0x000000078b600000, 0x000000078b600000|100%|HC|  |TAMS 0x000000078b400000| PB 0x000000078b400000| Complete 
| 562|0x000000078b600000, 0x000000078b800000, 0x000000078b800000|100%|HC|  |TAMS 0x000000078b600000| PB 0x000000078b600000| Complete 
| 563|0x000000078b800000, 0x000000078ba00000, 0x000000078ba00000|100%|HC|  |TAMS 0x000000078b800000| PB 0x000000078b800000| Complete 
| 564|0x000000078ba00000, 0x000000078bc00000, 0x000000078bc00000|100%|HC|  |TAMS 0x000000078ba00000| PB 0x000000078ba00000| Complete 
| 565|0x000000078bc00000, 0x000000078be00000, 0x000000078be00000|100%|HC|  |TAMS 0x000000078bc00000| PB 0x000000078bc00000| Complete 
| 566|0x000000078be00000, 0x000000078c000000, 0x000000078c000000|100%|HC|  |TAMS 0x000000078be00000| PB 0x000000078be00000| Complete 
| 567|0x000000078c000000, 0x000000078c200000, 0x000000078c200000|100%|HC|  |TAMS 0x000000078c000000| PB 0x000000078c000000| Complete 
| 568|0x000000078c200000, 0x000000078c400000, 0x000000078c400000|100%|HC|  |TAMS 0x000000078c200000| PB 0x000000078c200000| Complete 
| 569|0x000000078c400000, 0x000000078c600000, 0x000000078c600000|100%|HC|  |TAMS 0x000000078c400000| PB 0x000000078c400000| Complete 
| 570|0x000000078c600000, 0x000000078c800000, 0x000000078c800000|100%|HC|  |TAMS 0x000000078c600000| PB 0x000000078c600000| Complete 
| 571|0x000000078c800000, 0x000000078ca00000, 0x000000078ca00000|100%|HC|  |TAMS 0x000000078c800000| PB 0x000000078c800000| Complete 
| 572|0x000000078ca00000, 0x000000078cc00000, 0x000000078cc00000|100%|HC|  |TAMS 0x000000078ca00000| PB 0x000000078ca00000| Complete 
| 573|0x000000078cc00000, 0x000000078ce00000, 0x000000078ce00000|100%|HC|  |TAMS 0x000000078cc00000| PB 0x000000078cc00000| Complete 
| 574|0x000000078ce00000, 0x000000078d000000, 0x000000078d000000|100%|HC|  |TAMS 0x000000078ce00000| PB 0x000000078ce00000| Complete 
| 575|0x000000078d000000, 0x000000078d200000, 0x000000078d200000|100%|HC|  |TAMS 0x000000078d000000| PB 0x000000078d000000| Complete 
| 576|0x000000078d200000, 0x000000078d400000, 0x000000078d400000|100%|HC|  |TAMS 0x000000078d200000| PB 0x000000078d200000| Complete 
| 577|0x000000078d400000, 0x000000078d600000, 0x000000078d600000|100%|HC|  |TAMS 0x000000078d400000| PB 0x000000078d400000| Complete 
| 578|0x000000078d600000, 0x000000078d800000, 0x000000078d800000|100%|HC|  |TAMS 0x000000078d600000| PB 0x000000078d600000| Complete 
| 579|0x000000078d800000, 0x000000078da00000, 0x000000078da00000|100%|HC|  |TAMS 0x000000078d800000| PB 0x000000078d800000| Complete 
| 580|0x000000078da00000, 0x000000078dc00000, 0x000000078dc00000|100%|HC|  |TAMS 0x000000078da00000| PB 0x000000078da00000| Complete 
| 581|0x000000078dc00000, 0x000000078de00000, 0x000000078de00000|100%|HC|  |TAMS 0x000000078dc00000| PB 0x000000078dc00000| Complete 
| 582|0x000000078de00000, 0x000000078e000000, 0x000000078e000000|100%|HC|  |TAMS 0x000000078de00000| PB 0x000000078de00000| Complete 
| 583|0x000000078e000000, 0x000000078e200000, 0x000000078e200000|100%|HC|  |TAMS 0x000000078e000000| PB 0x000000078e000000| Complete 
| 584|0x000000078e200000, 0x000000078e400000, 0x000000078e400000|100%|HC|  |TAMS 0x000000078e200000| PB 0x000000078e200000| Complete 
| 585|0x000000078e400000, 0x000000078e600000, 0x000000078e600000|100%|HC|  |TAMS 0x000000078e400000| PB 0x000000078e400000| Complete 
| 586|0x000000078e600000, 0x000000078e800000, 0x000000078e800000|100%|HC|  |TAMS 0x000000078e600000| PB 0x000000078e600000| Complete 
| 587|0x000000078e800000, 0x000000078ea00000, 0x000000078ea00000|100%|HC|  |TAMS 0x000000078e800000| PB 0x000000078e800000| Complete 
| 588|0x000000078ea00000, 0x000000078ec00000, 0x000000078ec00000|100%|HC|  |TAMS 0x000000078ea00000| PB 0x000000078ea00000| Complete 
| 589|0x000000078ec00000, 0x000000078ee00000, 0x000000078ee00000|100%|HC|  |TAMS 0x000000078ec00000| PB 0x000000078ec00000| Complete 
| 590|0x000000078ee00000, 0x000000078f000000, 0x000000078f000000|100%|HC|  |TAMS 0x000000078ee00000| PB 0x000000078ee00000| Complete 
| 591|0x000000078f000000, 0x000000078f200000, 0x000000078f200000|100%|HC|  |TAMS 0x000000078f000000| PB 0x000000078f000000| Complete 
| 592|0x000000078f200000, 0x000000078f400000, 0x000000078f400000|100%|HC|  |TAMS 0x000000078f200000| PB 0x000000078f200000| Complete 
| 593|0x000000078f400000, 0x000000078f600000, 0x000000078f600000|100%|HC|  |TAMS 0x000000078f400000| PB 0x000000078f400000| Complete 
| 594|0x000000078f600000, 0x000000078f800000, 0x000000078f800000|100%|HC|  |TAMS 0x000000078f600000| PB 0x000000078f600000| Complete 
| 595|0x000000078f800000, 0x000000078fa00000, 0x000000078fa00000|100%|HC|  |TAMS 0x000000078f800000| PB 0x000000078f800000| Complete 
| 596|0x000000078fa00000, 0x000000078fc00000, 0x000000078fc00000|100%|HC|  |TAMS 0x000000078fa00000| PB 0x000000078fa00000| Complete 
| 597|0x000000078fc00000, 0x000000078fe00000, 0x000000078fe00000|100%|HC|  |TAMS 0x000000078fc00000| PB 0x000000078fc00000| Complete 
| 598|0x000000078fe00000, 0x0000000790000000, 0x0000000790000000|100%|HC|  |TAMS 0x000000078fe00000| PB 0x000000078fe00000| Complete 
| 599|0x0000000790000000, 0x0000000790200000, 0x0000000790200000|100%|HC|  |TAMS 0x0000000790000000| PB 0x0000000790000000| Complete 
| 600|0x0000000790200000, 0x0000000790400000, 0x0000000790400000|100%|HC|  |TAMS 0x0000000790200000| PB 0x0000000790200000| Complete 
| 601|0x0000000790400000, 0x0000000790600000, 0x0000000790600000|100%|HC|  |TAMS 0x0000000790400000| PB 0x0000000790400000| Complete 
| 602|0x0000000790600000, 0x0000000790800000, 0x0000000790800000|100%|HC|  |TAMS 0x0000000790600000| PB 0x0000000790600000| Complete 
| 603|0x0000000790800000, 0x0000000790a00000, 0x0000000790a00000|100%|HC|  |TAMS 0x0000000790800000| PB 0x0000000790800000| Complete 
| 604|0x0000000790a00000, 0x0000000790c00000, 0x0000000790c00000|100%|HC|  |TAMS 0x0000000790a00000| PB 0x0000000790a00000| Complete 
| 605|0x0000000790c00000, 0x0000000790e00000, 0x0000000790e00000|100%|HC|  |TAMS 0x0000000790c00000| PB 0x0000000790c00000| Complete 
| 606|0x0000000790e00000, 0x0000000791000000, 0x0000000791000000|100%|HC|  |TAMS 0x0000000790e00000| PB 0x0000000790e00000| Complete 
| 607|0x0000000791000000, 0x0000000791200000, 0x0000000791200000|100%|HC|  |TAMS 0x0000000791000000| PB 0x0000000791000000| Complete 
| 608|0x0000000791200000, 0x0000000791400000, 0x0000000791400000|100%|HC|  |TAMS 0x0000000791200000| PB 0x0000000791200000| Complete 
| 609|0x0000000791400000, 0x0000000791600000, 0x0000000791600000|100%|HC|  |TAMS 0x0000000791400000| PB 0x0000000791400000| Complete 
| 610|0x0000000791600000, 0x0000000791800000, 0x0000000791800000|100%|HC|  |TAMS 0x0000000791600000| PB 0x0000000791600000| Complete 
| 611|0x0000000791800000, 0x0000000791a00000, 0x0000000791a00000|100%|HC|  |TAMS 0x0000000791800000| PB 0x0000000791800000| Complete 
| 612|0x0000000791a00000, 0x0000000791c00000, 0x0000000791c00000|100%|HC|  |TAMS 0x0000000791a00000| PB 0x0000000791a00000| Complete 
| 613|0x0000000791c00000, 0x0000000791e00000, 0x0000000791e00000|100%|HC|  |TAMS 0x0000000791c00000| PB 0x0000000791c00000| Complete 
| 614|0x0000000791e00000, 0x0000000792000000, 0x0000000792000000|100%|HC|  |TAMS 0x0000000791e00000| PB 0x0000000791e00000| Complete 
| 615|0x0000000792000000, 0x0000000792200000, 0x0000000792200000|100%|HC|  |TAMS 0x0000000792000000| PB 0x0000000792000000| Complete 
| 616|0x0000000792200000, 0x0000000792400000, 0x0000000792400000|100%|HC|  |TAMS 0x0000000792200000| PB 0x0000000792200000| Complete 
| 617|0x0000000792400000, 0x0000000792600000, 0x0000000792600000|100%|HC|  |TAMS 0x0000000792400000| PB 0x0000000792400000| Complete 
| 618|0x0000000792600000, 0x0000000792800000, 0x0000000792800000|100%|HC|  |TAMS 0x0000000792600000| PB 0x0000000792600000| Complete 
| 619|0x0000000792800000, 0x0000000792a00000, 0x0000000792a00000|100%|HC|  |TAMS 0x0000000792800000| PB 0x0000000792800000| Complete 
| 620|0x0000000792a00000, 0x0000000792c00000, 0x0000000792c00000|100%|HC|  |TAMS 0x0000000792a00000| PB 0x0000000792a00000| Complete 
| 621|0x0000000792c00000, 0x0000000792e00000, 0x0000000792e00000|100%|HC|  |TAMS 0x0000000792c00000| PB 0x0000000792c00000| Complete 
| 622|0x0000000792e00000, 0x0000000793000000, 0x0000000793000000|100%|HC|  |TAMS 0x0000000792e00000| PB 0x0000000792e00000| Complete 
| 623|0x0000000793000000, 0x0000000793200000, 0x0000000793200000|100%|HC|  |TAMS 0x0000000793000000| PB 0x0000000793000000| Complete 
| 624|0x0000000793200000, 0x0000000793400000, 0x0000000793400000|100%|HC|  |TAMS 0x0000000793200000| PB 0x0000000793200000| Complete 
| 625|0x0000000793400000, 0x0000000793600000, 0x0000000793600000|100%|HC|  |TAMS 0x0000000793400000| PB 0x0000000793400000| Complete 
| 626|0x0000000793600000, 0x0000000793800000, 0x0000000793800000|100%|HC|  |TAMS 0x0000000793600000| PB 0x0000000793600000| Complete 
| 627|0x0000000793800000, 0x0000000793a00000, 0x0000000793a00000|100%|HC|  |TAMS 0x0000000793800000| PB 0x0000000793800000| Complete 
| 628|0x0000000793a00000, 0x0000000793c00000, 0x0000000793c00000|100%|HC|  |TAMS 0x0000000793a00000| PB 0x0000000793a00000| Complete 
| 629|0x0000000793c00000, 0x0000000793e00000, 0x0000000793e00000|100%|HC|  |TAMS 0x0000000793c00000| PB 0x0000000793c00000| Complete 
| 630|0x0000000793e00000, 0x0000000794000000, 0x0000000794000000|100%|HC|  |TAMS 0x0000000793e00000| PB 0x0000000793e00000| Complete 
| 631|0x0000000794000000, 0x0000000794200000, 0x0000000794200000|100%|HC|  |TAMS 0x0000000794000000| PB 0x0000000794000000| Complete 
| 632|0x0000000794200000, 0x0000000794400000, 0x0000000794400000|100%|HC|  |TAMS 0x0000000794200000| PB 0x0000000794200000| Complete 
| 633|0x0000000794400000, 0x0000000794600000, 0x0000000794600000|100%|HC|  |TAMS 0x0000000794400000| PB 0x0000000794400000| Complete 
| 634|0x0000000794600000, 0x0000000794800000, 0x0000000794800000|100%|HC|  |TAMS 0x0000000794600000| PB 0x0000000794600000| Complete 
| 635|0x0000000794800000, 0x0000000794a00000, 0x0000000794a00000|100%|HC|  |TAMS 0x0000000794800000| PB 0x0000000794800000| Complete 
| 636|0x0000000794a00000, 0x0000000794c00000, 0x0000000794c00000|100%|HC|  |TAMS 0x0000000794a00000| PB 0x0000000794a00000| Complete 
| 637|0x0000000794c00000, 0x0000000794e00000, 0x0000000794e00000|100%|HC|  |TAMS 0x0000000794c00000| PB 0x0000000794c00000| Complete 
| 638|0x0000000794e00000, 0x0000000795000000, 0x0000000795000000|100%|HC|  |TAMS 0x0000000794e00000| PB 0x0000000794e00000| Complete 
| 639|0x0000000795000000, 0x0000000795200000, 0x0000000795200000|100%|HC|  |TAMS 0x0000000795000000| PB 0x0000000795000000| Complete 
| 640|0x0000000795200000, 0x0000000795400000, 0x0000000795400000|100%|HC|  |TAMS 0x0000000795200000| PB 0x0000000795200000| Complete 
| 641|0x0000000795400000, 0x0000000795600000, 0x0000000795600000|100%|HC|  |TAMS 0x0000000795400000| PB 0x0000000795400000| Complete 
| 642|0x0000000795600000, 0x0000000795800000, 0x0000000795800000|100%|HC|  |TAMS 0x0000000795600000| PB 0x0000000795600000| Complete 
| 643|0x0000000795800000, 0x0000000795a00000, 0x0000000795a00000|100%|HC|  |TAMS 0x0000000795800000| PB 0x0000000795800000| Complete 
| 644|0x0000000795a00000, 0x0000000795c00000, 0x0000000795c00000|100%|HC|  |TAMS 0x0000000795a00000| PB 0x0000000795a00000| Complete 
| 645|0x0000000795c00000, 0x0000000795e00000, 0x0000000795e00000|100%|HC|  |TAMS 0x0000000795c00000| PB 0x0000000795c00000| Complete 
| 646|0x0000000795e00000, 0x0000000796000000, 0x0000000796000000|100%|HC|  |TAMS 0x0000000795e00000| PB 0x0000000795e00000| Complete 
| 647|0x0000000796000000, 0x0000000796200000, 0x0000000796200000|100%|HC|  |TAMS 0x0000000796000000| PB 0x0000000796000000| Complete 
| 648|0x0000000796200000, 0x0000000796400000, 0x0000000796400000|100%|HC|  |TAMS 0x0000000796200000| PB 0x0000000796200000| Complete 
| 649|0x0000000796400000, 0x0000000796600000, 0x0000000796600000|100%|HC|  |TAMS 0x0000000796400000| PB 0x0000000796400000| Complete 
| 650|0x0000000796600000, 0x0000000796800000, 0x0000000796800000|100%|HC|  |TAMS 0x0000000796600000| PB 0x0000000796600000| Complete 
| 651|0x0000000796800000, 0x0000000796a00000, 0x0000000796a00000|100%|HC|  |TAMS 0x0000000796800000| PB 0x0000000796800000| Complete 
| 652|0x0000000796a00000, 0x0000000796c00000, 0x0000000796c00000|100%|HC|  |TAMS 0x0000000796a00000| PB 0x0000000796a00000| Complete 
| 653|0x0000000796c00000, 0x0000000796e00000, 0x0000000796e00000|100%|HC|  |TAMS 0x0000000796c00000| PB 0x0000000796c00000| Complete 
| 654|0x0000000796e00000, 0x0000000797000000, 0x0000000797000000|100%|HC|  |TAMS 0x0000000796e00000| PB 0x0000000796e00000| Complete 
| 655|0x0000000797000000, 0x0000000797200000, 0x0000000797200000|100%|HC|  |TAMS 0x0000000797000000| PB 0x0000000797000000| Complete 
| 656|0x0000000797200000, 0x0000000797400000, 0x0000000797400000|100%|HC|  |TAMS 0x0000000797200000| PB 0x0000000797200000| Complete 
| 657|0x0000000797400000, 0x0000000797600000, 0x0000000797600000|100%|HC|  |TAMS 0x0000000797400000| PB 0x0000000797400000| Complete 
| 658|0x0000000797600000, 0x0000000797800000, 0x0000000797800000|100%|HC|  |TAMS 0x0000000797600000| PB 0x0000000797600000| Complete 
| 659|0x0000000797800000, 0x0000000797a00000, 0x0000000797a00000|100%|HC|  |TAMS 0x0000000797800000| PB 0x0000000797800000| Complete 
| 660|0x0000000797a00000, 0x0000000797c00000, 0x0000000797c00000|100%|HC|  |TAMS 0x0000000797a00000| PB 0x0000000797a00000| Complete 
| 661|0x0000000797c00000, 0x0000000797e00000, 0x0000000797e00000|100%|HC|  |TAMS 0x0000000797c00000| PB 0x0000000797c00000| Complete 
| 662|0x0000000797e00000, 0x0000000798000000, 0x0000000798000000|100%|HC|  |TAMS 0x0000000797e00000| PB 0x0000000797e00000| Complete 
| 663|0x0000000798000000, 0x0000000798200000, 0x0000000798200000|100%|HC|  |TAMS 0x0000000798000000| PB 0x0000000798000000| Complete 
| 664|0x0000000798200000, 0x0000000798257bc0, 0x0000000798400000| 17%| S|CS|TAMS 0x0000000798200000| PB 0x0000000798200000| Complete 
|1493|0x00000007ffc00000, 0x00000007ffe00000, 0x00000007ffe00000|100%| O|  |TAMS 0x00000007ffc00000| PB 0x00000007ffc00000| Untracked 
|1494|0x00000007ffe00000, 0x0000000800000000, 0x0000000800000000|100%| E|CS|TAMS 0x00000007ffe00000| PB 0x00000007ffe00000| Complete 

Card table byte_map: [0x00000293ac3e0000,0x00000293ac9c0000] _byte_map_base: 0x00000293a89b7000

Marking Bits: (CMBitMap*) 0x00000293927fbcc0
 Bits: [0x00000293ac9c0000, 0x00000293af878000)

Polling page: 0x00000293924a0000

Metaspace:

Usage:
  Non-class:     84.25 MB used.
      Class:     12.74 MB used.
       Both:     96.99 MB used.

Virtual space:
  Non-class space:      128.00 MB reserved,      84.69 MB ( 66%) committed,  2 nodes.
      Class space:        1.00 GB reserved,      13.06 MB (  1%) committed,  1 nodes.
             Both:        1.12 GB reserved,      97.75 MB (  8%) committed. 

Chunk freelists:
   Non-Class:  10.66 MB
       Class:  2.91 MB
        Both:  13.56 MB

MaxMetaspaceSize: unlimited
CompressedClassSpaceSize: 1.00 GB
Initial GC threshold: 21.00 MB
Current GC threshold: 151.69 MB
CDS: on
 - commit_granule_bytes: 65536.
 - commit_granule_words: 8192.
 - virtual_space_node_default_size: 8388608.
 - enlarge_chunks_in_place: 1.
 - use_allocation_guard: 0.


Internal statistics:

num_allocs_failed_limit: 12.
num_arena_births: 1104.
num_arena_deaths: 0.
num_vsnodes_births: 3.
num_vsnodes_deaths: 0.
num_space_committed: 1563.
num_space_uncommitted: 0.
num_chunks_returned_to_freelist: 12.
num_chunks_taken_from_freelist: 4504.
num_chunk_merges: 9.
num_chunk_splits: 3269.
num_chunks_enlarged: 2566.
num_inconsistent_stats: 0.

CodeHeap 'non-profiled nmethods': size=120000Kb used=7022Kb max_used=7022Kb free=112977Kb
 bounds [0x00000293a3e70000, 0x00000293a4550000, 0x00000293ab3a0000]
CodeHeap 'profiled nmethods': size=120000Kb used=14776Kb max_used=14862Kb free=105223Kb
 bounds [0x000002939c3a0000, 0x000002939d230000, 0x00000293a38d0000]
CodeHeap 'non-nmethods': size=5760Kb used=2104Kb max_used=2131Kb free=3656Kb
 bounds [0x00000293a38d0000, 0x00000293a3b40000, 0x00000293a3e70000]
 total_blobs=8577 nmethods=7727 adapters=754
 compilation: enabled
              stopped_count=0, restarted_count=0
 full_count=0

Compilation events (20 events):
Event: 42.633 Thread 0x00000293fb5aecf0 9337       4       java.util.Collections$SetFromMap::add (22 bytes)
Event: 42.634 Thread 0x00000293fb5aecf0 nmethod 9337 0x00000293a41efc10 code [0x00000293a41efda0, 0x00000293a41efe70]
Event: 42.635 Thread 0x00000293b1ebe770 nmethod 9338 0x000002939ca1ec10 code [0x000002939ca1f1c0, 0x000002939ca22080]
Event: 42.643 Thread 0x00000293b1ebe770 9339       3       jdk.nio.zipfs.ZipFileSystem$IndexNode::normalize (79 bytes)
Event: 42.644 Thread 0x00000293b1ebe770 nmethod 9339 0x000002939c6e0190 code [0x000002939c6e0380, 0x000002939c6e0768]
Event: 42.644 Thread 0x00000293b1ebe770 9340       3       jdk.nio.zipfs.ZipFileSystem$IndexNode::pathHasDotOrDotDot (123 bytes)
Event: 42.644 Thread 0x00000293b1ebe770 nmethod 9340 0x000002939c5c3d10 code [0x000002939c5c3ee0, 0x000002939c5c4398]
Event: 42.644 Thread 0x00000293b1ebe770 9341   !   3       jdk.nio.zipfs.ZipFileSystem::checkUTF8 (56 bytes)
Event: 42.645 Thread 0x00000293b1ebe770 nmethod 9341 0x000002939c5c2410 code [0x000002939c5c2700, 0x000002939c5c3618]
Event: 42.645 Thread 0x00000293b1ebe770 9342       1       sun.nio.fs.WindowsNativeDispatcher$FirstFile::attributes (5 bytes)
Event: 42.645 Thread 0x00000293b1ebe770 nmethod 9342 0x00000293a41ef910 code [0x00000293a41efaa0, 0x00000293a41efb68]
Event: 42.646 Thread 0x00000293fb5aecf0 9343       4       org.apache.commons.logging.LogAdapter$Slf4jLog::isDebugEnabled (10 bytes)
Event: 42.648 Thread 0x00000293fb5aecf0 nmethod 9343 0x00000293a41ef310 code [0x00000293a41ef4c0, 0x00000293a41ef6a0]
Event: 42.648 Thread 0x00000293fb5aecf0 9344       4       org.apache.tomcat.util.buf.AbstractChunk::getLength (10 bytes)
Event: 42.648 Thread 0x00000293fb5aecf0 nmethod 9344 0x00000293a41ef010 code [0x00000293a41ef1a0, 0x00000293a41ef230]
Event: 42.679 Thread 0x00000293fb5aecf0 9345       4       java.lang.invoke.MethodHandleNatives::canBeCalledVirtual (49 bytes)
Event: 42.681 Thread 0x00000293fb5aecf0 nmethod 9345 0x00000293a41eeb10 code [0x00000293a41eecc0, 0x00000293a41eeec8]
Event: 42.685 Thread 0x00000293fb5aecf0 9346       4       java.util.ArrayList$SubList::toArray (79 bytes)
Event: 42.702 Thread 0x00000293b1ebe770 9347       3       java.lang.Thread::onSpinWait (1 bytes)
Event: 42.702 Thread 0x00000293b1ebe770 nmethod 9347 0x000002939c6f8410 code [0x000002939c6f85a0, 0x000002939c6f8690]

GC Heap History (20 events):
Event: 18.261 GC heap before
{Heap before GC invocations=36 (full 0):
 garbage-first heap   total 217088K, used 181764K [0x0000000745200000, 0x0000000800000000)
  region size 2048K, 63 young (129024K), 3 survivors (6144K)
 Metaspace       used 42035K, committed 42624K, reserved 1114112K
  class space    used 5354K, committed 5632K, reserved 1048576K
}
Event: 18.265 GC heap after
{Heap after GC invocations=37 (full 0):
 garbage-first heap   total 217088K, used 57721K [0x0000000745200000, 0x0000000800000000)
  region size 2048K, 3 young (6144K), 3 survivors (6144K)
 Metaspace       used 42035K, committed 42624K, reserved 1114112K
  class space    used 5354K, committed 5632K, reserved 1048576K
}
Event: 20.299 GC heap before
{Heap before GC invocations=37 (full 0):
 garbage-first heap   total 217088K, used 180601K [0x0000000745200000, 0x0000000800000000)
  region size 2048K, 63 young (129024K), 3 survivors (6144K)
 Metaspace       used 52992K, committed 53568K, reserved 1114112K
  class space    used 6705K, committed 6976K, reserved 1048576K
}
Event: 20.307 GC heap after
{Heap after GC invocations=38 (full 0):
 garbage-first heap   total 262144K, used 60929K [0x0000000745200000, 0x0000000800000000)
  region size 2048K, 4 young (8192K), 4 survivors (8192K)
 Metaspace       used 52992K, committed 53568K, reserved 1114112K
  class space    used 6705K, committed 6976K, reserved 1048576K
}
Event: 21.971 GC heap before
{Heap before GC invocations=38 (full 0):
 garbage-first heap   total 262144K, used 202241K [0x0000000745200000, 0x0000000800000000)
  region size 2048K, 75 young (153600K), 4 survivors (8192K)
 Metaspace       used 70340K, committed 70976K, reserved 1114112K
  class space    used 9145K, committed 9472K, reserved 1048576K
}
Event: 21.979 GC heap after
{Heap after GC invocations=39 (full 0):
 garbage-first heap   total 262144K, used 64699K [0x0000000745200000, 0x0000000800000000)
  region size 2048K, 6 young (12288K), 6 survivors (12288K)
 Metaspace       used 70340K, committed 70976K, reserved 1114112K
  class space    used 9145K, committed 9472K, reserved 1048576K
}
Event: 27.858 GC heap before
{Heap before GC invocations=40 (full 0):
 garbage-first heap   total 550912K, used 548027K [0x0000000745200000, 0x0000000800000000)
  region size 2048K, 61 young (124928K), 6 survivors (12288K)
 Metaspace       used 89952K, committed 90688K, reserved 1179648K
  class space    used 11750K, committed 12096K, reserved 1048576K
}
Event: 27.874 GC heap after
{Heap after GC invocations=41 (full 0):
 garbage-first heap   total 573440K, used 74425K [0x0000000745200000, 0x0000000800000000)
  region size 2048K, 10 young (20480K), 10 survivors (20480K)
 Metaspace       used 89952K, committed 90688K, reserved 1179648K
  class space    used 11750K, committed 12096K, reserved 1048576K
}
Event: 29.209 GC heap before
{Heap before GC invocations=41 (full 0):
 garbage-first heap   total 573440K, used 398009K [0x0000000745200000, 0x0000000800000000)
  region size 2048K, 168 young (344064K), 10 survivors (20480K)
 Metaspace       used 92394K, committed 93120K, reserved 1179648K
  class space    used 12083K, committed 12416K, reserved 1048576K
}
Event: 29.227 GC heap after
{Heap after GC invocations=42 (full 0):
 garbage-first heap   total 573440K, used 100269K [0x0000000745200000, 0x0000000800000000)
  region size 2048K, 21 young (43008K), 21 survivors (43008K)
 Metaspace       used 92394K, committed 93120K, reserved 1179648K
  class space    used 12083K, committed 12416K, reserved 1048576K
}
Event: 30.038 GC heap before
{Heap before GC invocations=42 (full 0):
 garbage-first heap   total 573440K, used 423853K [0x0000000745200000, 0x0000000800000000)
  region size 2048K, 168 young (344064K), 21 survivors (43008K)
 Metaspace       used 92403K, committed 93120K, reserved 1179648K
  class space    used 12083K, committed 12416K, reserved 1048576K
}
Event: 30.049 GC heap after
{Heap after GC invocations=43 (full 0):
 garbage-first heap   total 573440K, used 92802K [0x0000000745200000, 0x0000000800000000)
  region size 2048K, 3 young (6144K), 3 survivors (6144K)
 Metaspace       used 92403K, committed 93120K, reserved 1179648K
  class space    used 12083K, committed 12416K, reserved 1048576K
}
Event: 30.553 GC heap before
{Heap before GC invocations=43 (full 0):
 garbage-first heap   total 573440K, used 316034K [0x0000000745200000, 0x0000000800000000)
  region size 2048K, 104 young (212992K), 3 survivors (6144K)
 Metaspace       used 92407K, committed 93184K, reserved 1179648K
  class space    used 12085K, committed 12480K, reserved 1048576K
}
Event: 30.556 GC heap after
{Heap after GC invocations=44 (full 0):
 garbage-first heap   total 573440K, used 97804K [0x0000000745200000, 0x0000000800000000)
  region size 2048K, 1 young (2048K), 1 survivors (2048K)
 Metaspace       used 92407K, committed 93184K, reserved 1179648K
  class space    used 12085K, committed 12480K, reserved 1048576K
}
Event: 30.638 GC heap before
{Heap before GC invocations=44 (full 0):
 garbage-first heap   total 573440K, used 132620K [0x0000000745200000, 0x0000000800000000)
  region size 2048K, 2 young (4096K), 1 survivors (2048K)
 Metaspace       used 92407K, committed 93184K, reserved 1179648K
  class space    used 12085K, committed 12480K, reserved 1048576K
}
Event: 30.639 GC heap after
{Heap after GC invocations=45 (full 0):
 garbage-first heap   total 573440K, used 112850K [0x0000000745200000, 0x0000000800000000)
  region size 2048K, 1 young (2048K), 1 survivors (2048K)
 Metaspace       used 92407K, committed 93184K, reserved 1179648K
  class space    used 12085K, committed 12480K, reserved 1048576K
}
Event: 30.809 GC heap before
{Heap before GC invocations=45 (full 0):
 garbage-first heap   total 573440K, used 180434K [0x0000000745200000, 0x0000000800000000)
  region size 2048K, 1 young (2048K), 1 survivors (2048K)
 Metaspace       used 92407K, committed 93184K, reserved 1179648K
  class space    used 12085K, committed 12480K, reserved 1048576K
}
Event: 30.810 GC heap after
{Heap after GC invocations=46 (full 0):
 garbage-first heap   total 573440K, used 145282K [0x0000000745200000, 0x0000000800000000)
  region size 2048K, 1 young (2048K), 1 survivors (2048K)
 Metaspace       used 92407K, committed 93184K, reserved 1179648K
  class space    used 12085K, committed 12480K, reserved 1048576K
}
Event: 36.745 GC heap before
{Heap before GC invocations=47 (full 0):
 garbage-first heap   total 1363968K, used 1361794K [0x0000000745200000, 0x0000000800000000)
  region size 2048K, 144 young (294912K), 1 survivors (2048K)
 Metaspace       used 92407K, committed 93184K, reserved 1179648K
  class space    used 12085K, committed 12480K, reserved 1048576K
}
Event: 36.749 GC heap after
{Heap after GC invocations=48 (full 0):
 garbage-first heap   total 1366016K, used 604270K [0x0000000745200000, 0x0000000800000000)
  region size 2048K, 1 young (2048K), 1 survivors (2048K)
 Metaspace       used 92407K, committed 93184K, reserved 1179648K
  class space    used 12085K, committed 12480K, reserved 1048576K
}

Dll operation events (20 events):
Event: 0.063 Loaded shared library C:\Users\Youssouf\.jdks\openjdk-21.0.1\bin\jsvml.dll
Event: 0.332 Loaded shared library C:\Users\Youssouf\.jdks\openjdk-21.0.1\bin\zip.dll
Event: 0.352 Loaded shared library C:\Users\Youssouf\.jdks\openjdk-21.0.1\bin\instrument.dll
Event: 0.363 Loaded shared library C:\Users\Youssouf\.jdks\openjdk-21.0.1\bin\net.dll
Event: 0.365 Loaded shared library C:\Users\Youssouf\.jdks\openjdk-21.0.1\bin\nio.dll
Event: 0.368 Loaded shared library C:\Users\Youssouf\.jdks\openjdk-21.0.1\bin\zip.dll
Event: 1.907 Loaded shared library C:\Users\Youssouf\.jdks\openjdk-21.0.1\bin\extnet.dll
Event: 1.934 Loaded shared library C:\Users\Youssouf\.jdks\openjdk-21.0.1\bin\verify.dll
Event: 1.944 Loaded shared library C:\Users\Youssouf\.jdks\openjdk-21.0.1\bin\jimage.dll
Event: 2.338 Loaded shared library C:\Users\Youssouf\.jdks\openjdk-21.0.1\bin\management.dll
Event: 2.339 Loaded shared library C:\Users\Youssouf\.jdks\openjdk-21.0.1\bin\management_ext.dll
Event: 4.029 Loaded shared library C:\Users\Youssouf\.jdks\openjdk-21.0.1\bin\sunmscapi.dll
Event: 19.242 Loaded shared library C:\Users\Youssouf\AppData\Local\Temp\jna--615657407\jna6691289945167641944.dll
Event: 23.008 Loaded shared library C:\Users\Youssouf\.jdks\openjdk-21.0.1\bin\awt.dll
Event: 23.813 Loaded shared library C:\Users\Youssouf\AppData\Local\Temp\onnxruntime-java3756823606280131939\onnxruntime.dll
Event: 23.822 Loaded shared library C:\Users\Youssouf\AppData\Local\Temp\onnxruntime-java3756823606280131939\onnxruntime4j_jni.dll
Event: 25.142 Loaded shared library C:\Users\Youssouf\.djl.ai\tokenizers\0.19.1-0.28.0-win-x86_64\libwinpthread-1.dll
Event: 25.256 Loaded shared library C:\Users\Youssouf\.djl.ai\tokenizers\0.19.1-0.28.0-win-x86_64\libgcc_s_seh-1.dll
Event: 25.575 Loaded shared library C:\Users\Youssouf\.djl.ai\tokenizers\0.19.1-0.28.0-win-x86_64\libstdc++-6.dll
Event: 26.323 Loaded shared library C:\Users\Youssouf\.djl.ai\tokenizers\0.19.1-0.28.0-win-x86_64\tokenizers.dll

Deoptimization events (20 events):
Event: 42.385 Thread 0x00000293fb16dbb0 Uncommon trap: trap_request=0xffffffc6 fr.pc=0x00000293a42897f0 relative=0x0000000000000cf0
Event: 42.385 Thread 0x00000293fb16dbb0 Uncommon trap: reason=bimorphic_or_optimized_type_check action=maybe_recompile pc=0x00000293a42897f0 method=java.nio.CharBuffer.toString()Ljava/lang/String; @ 9 c2
Event: 42.385 Thread 0x00000293fb16dbb0 DEOPT PACKING pc=0x00000293a42897f0 sp=0x000000f8329fe890
Event: 42.385 Thread 0x00000293fb16dbb0 DEOPT UNPACKING pc=0x00000293a3927da2 sp=0x000000f8329fe870 mode 2
Event: 42.408 Thread 0x00000293fb16dbb0 Uncommon trap: trap_request=0xffffff3d fr.pc=0x00000293a3fdcd40 relative=0x00000000000005a0
Event: 42.408 Thread 0x00000293fb16dbb0 Uncommon trap: reason=unstable_fused_if action=reinterpret pc=0x00000293a3fdcd40 method=java.net.URLDecoder.decode(Ljava/lang/String;Ljava/nio/charset/Charset;)Ljava/lang/String; @ 59 c2
Event: 42.408 Thread 0x00000293fb16dbb0 DEOPT PACKING pc=0x00000293a3fdcd40 sp=0x000000f8329fe6e0
Event: 42.408 Thread 0x00000293fb16dbb0 DEOPT UNPACKING pc=0x00000293a3927da2 sp=0x000000f8329fe6b0 mode 2
Event: 42.487 Thread 0x00000293fb1723e0 Uncommon trap: trap_request=0xffffff45 fr.pc=0x00000293a40567d8 relative=0x0000000000000138
Event: 42.487 Thread 0x00000293fb1723e0 Uncommon trap: reason=unstable_if action=reinterpret pc=0x00000293a40567d8 method=jdk.internal.org.objectweb.asm.ByteVector.putInt(I)Ljdk/internal/org/objectweb/asm/ByteVector; @ 13 c2
Event: 42.487 Thread 0x00000293fb1723e0 DEOPT PACKING pc=0x00000293a40567d8 sp=0x000000f832afa370
Event: 42.487 Thread 0x00000293fb1723e0 DEOPT UNPACKING pc=0x00000293a3927da2 sp=0x000000f832afa308 mode 2
Event: 42.685 Thread 0x00000293fb16dbb0 Uncommon trap: trap_request=0xffffffde fr.pc=0x00000293a408ae44 relative=0x0000000000000cc4
Event: 42.685 Thread 0x00000293fb16dbb0 Uncommon trap: reason=class_check action=maybe_recompile pc=0x00000293a408ae44 method=java.util.Properties$LineReader.readLine()I @ 491 c2
Event: 42.685 Thread 0x00000293fb16dbb0 DEOPT PACKING pc=0x00000293a408ae44 sp=0x000000f8329fda20
Event: 42.685 Thread 0x00000293fb16dbb0 DEOPT UNPACKING pc=0x00000293a3927da2 sp=0x000000f8329fd998 mode 2
Event: 42.685 Thread 0x00000293fb16dbb0 Uncommon trap: trap_request=0xffffffde fr.pc=0x00000293a408ad9c relative=0x0000000000000c1c
Event: 42.685 Thread 0x00000293fb16dbb0 Uncommon trap: reason=class_check action=maybe_recompile pc=0x00000293a408ad9c method=java.util.Properties$LineReader.readLine()I @ 82 c2
Event: 42.685 Thread 0x00000293fb16dbb0 DEOPT PACKING pc=0x00000293a408ad9c sp=0x000000f8329fda20
Event: 42.685 Thread 0x00000293fb16dbb0 DEOPT UNPACKING pc=0x00000293a3927da2 sp=0x000000f8329fd998 mode 2

Classes loaded (20 events):
Event: 41.490 Loading class java/nio/file/attribute/PosixFileAttributes
Event: 41.491 Loading class java/nio/file/attribute/PosixFileAttributes done
Event: 41.491 Loading class java/nio/file/ClosedFileSystemException
Event: 41.491 Loading class java/nio/file/ClosedFileSystemException done
Event: 41.491 Loading class java/nio/file/FileAlreadyExistsException
Event: 41.492 Loading class java/nio/file/FileAlreadyExistsException done
Event: 41.494 Loading class java/nio/file/DirectoryNotEmptyException
Event: 41.494 Loading class java/nio/file/DirectoryNotEmptyException done
Event: 41.496 Loading class java/nio/file/attribute/PosixFilePermissions
Event: 41.496 Loading class java/nio/file/attribute/PosixFilePermissions done
Event: 41.500 Loading class java/nio/file/attribute/PosixFileAttributeView
Event: 41.500 Loading class java/nio/file/attribute/PosixFileAttributeView done
Event: 41.509 Loading class java/text/CalendarBuilder
Event: 41.510 Loading class java/text/CalendarBuilder done
Event: 42.343 Loading class java/util/zip/Deflater
Event: 42.344 Loading class java/util/zip/Deflater done
Event: 42.346 Loading class java/util/zip/Deflater$DeflaterZStreamRef
Event: 42.346 Loading class java/util/zip/Deflater$DeflaterZStreamRef done
Event: 42.381 Loading class java/util/concurrent/Semaphore$FairSync
Event: 42.381 Loading class java/util/concurrent/Semaphore$FairSync done

Classes unloaded (0 events):
No events

Classes redefined (0 events):
No events

Internal exceptions (20 events):
Event: 27.775 Thread 0x00000293f9176c60 Implicit null exception at 0x00000293a3ff2bc8 to 0x00000293a3ff2c84
Event: 27.809 Thread 0x00000293f9176c60 Exception <a 'java/lang/NoSuchMethodError'{0x000000074b412678}: 'void java.lang.invoke.DirectMethodHandle$Holder.invokeVirtual(java.lang.Object, java.lang.Object, long)'> (0x000000074b412678) 
thrown [s\open\src\hotspot\share\interpreter\linkResolver.cpp, line 773]
Event: 27.973 Thread 0x00000293f9176c60 Exception <a 'java/lang/IncompatibleClassChangeError'{0x00000007666bef40}: Found class java.lang.Object, but interface was expected> (0x00000007666bef40) 
thrown [s\open\src\hotspot\share\interpreter\linkResolver.cpp, line 840]
Event: 27.986 Thread 0x00000293f9176c60 Implicit null exception at 0x00000293a40464e8 to 0x00000293a4046714
Event: 28.337 Thread 0x00000293f9176c60 Exception <a 'java/lang/NoSuchMethodError'{0x00000007658ae750}: 'java.lang.Object java.lang.invoke.DirectMethodHandle$Holder.newInvokeSpecial(java.lang.Object, java.lang.Object, int, java.lang.Object, java.lang.Object)'> (0x00000007658ae750) 
thrown [s\open\src\hotspot\share\interpreter\linkResolver.cpp, line 773]
Event: 28.337 Thread 0x00000293f9176c60 Exception <a 'java/lang/NoSuchMethodError'{0x00000007658b9570}: 'java.lang.Object java.lang.invoke.DirectMethodHandle$Holder.invokeSpecial(java.lang.Object, java.lang.Object, int, java.lang.Object, int, java.lang.Object)'> (0x00000007658b9570) 
thrown [s\open\src\hotspot\share\interpreter\linkResolver.cpp, line 773]
Event: 28.338 Thread 0x00000293f9176c60 Exception <a 'java/lang/NoSuchMethodError'{0x00000007658c0660}: 'java.lang.Object java.lang.invoke.DirectMethodHandle$Holder.newInvokeSpecial(java.lang.Object, java.lang.Object, int, java.lang.Object, int)'> (0x00000007658c0660) 
thrown [s\open\src\hotspot\share\interpreter\linkResolver.cpp, line 773]
Event: 28.338 Thread 0x00000293f9176c60 Exception <a 'java/lang/NoSuchMethodError'{0x00000007658c4488}: 'java.lang.Object java.lang.invoke.DirectMethodHandle$Holder.invokeSpecial(java.lang.Object, java.lang.Object, java.lang.Object, int, java.lang.Object, int)'> (0x00000007658c4488) 
thrown [s\open\src\hotspot\share\interpreter\linkResolver.cpp, line 773]
Event: 28.385 Thread 0x00000293f9176c60 Implicit null exception at 0x00000293a41364ca to 0x00000293a4136e10
Event: 28.386 Thread 0x00000293f9176c60 Exception <a 'java/io/FileNotFoundException'{0x000000076543f230}> (0x000000076543f230) 
thrown [s\open\src\hotspot\share\prims\jni.cpp, line 520]
Event: 28.389 Thread 0x00000293f9176c60 Exception <a 'java/io/FileNotFoundException'{0x000000076544d490}> (0x000000076544d490) 
thrown [s\open\src\hotspot\share\prims\jni.cpp, line 520]
Event: 37.766 Thread 0x00000293f9176c60 Exception <a 'sun/nio/fs/WindowsException'{0x0000000764a31950}> (0x0000000764a31950) 
thrown [s\open\src\hotspot\share\prims\jni.cpp, line 520]
Event: 37.766 Thread 0x00000293f9176c60 Exception <a 'sun/nio/fs/WindowsException'{0x0000000764a32000}> (0x0000000764a32000) 
thrown [s\open\src\hotspot\share\prims\jni.cpp, line 520]
Event: 37.864 Thread 0x00000293f9176c60 Exception <a 'java/lang/NoSuchMethodError'{0x0000000764869238}: 'int java.lang.invoke.DirectMethodHandle$Holder.invokeStatic(java.lang.Object, java.lang.Object, int, int)'> (0x0000000764869238) 
thrown [s\open\src\hotspot\share\interpreter\linkResolver.cpp, line 773]
Event: 40.578 Thread 0x00000293fb16e8d0 Exception <a 'java/lang/NoSuchMethodError'{0x00000007643c4838}: 'java.lang.Object java.lang.invoke.DirectMethodHandle$Holder.invokeSpecial(java.lang.Object, java.lang.Object, java.lang.Object, java.lang.Object, java.lang.Object, long)'> (0x00000007643c4838) 
thrown [s\open\src\hotspot\share\interpreter\linkResolver.cpp, line 773]
Event: 40.579 Thread 0x00000293fb16e8d0 Exception <a 'java/lang/NoSuchMethodError'{0x00000007643c7fb0}: 'java.lang.Object java.lang.invoke.Invokers$Holder.linkToTargetMethod(java.lang.Object, java.lang.Object, java.lang.Object, long, java.lang.Object)'> (0x00000007643c7fb0) 
thrown [s\open\src\hotspot\share\interpreter\linkResolver.cpp, line 773]
Event: 40.982 Thread 0x00000293fb16e8d0 Exception <a 'java/lang/NoSuchMethodError'{0x0000000763e3b398}: 'long java.lang.invoke.DirectMethodHandle$Holder.invokeSpecial(java.lang.Object, java.lang.Object, java.lang.Object, long)'> (0x0000000763e3b398) 
thrown [s\open\src\hotspot\share\interpreter\linkResolver.cpp, line 773]
Event: 40.983 Thread 0x00000293fb16e8d0 Exception <a 'java/lang/NoSuchMethodError'{0x0000000763e46718}: 'java.lang.Object java.lang.invoke.Invokers$Holder.linkToTargetMethod(java.lang.Object, long, java.lang.Object)'> (0x0000000763e46718) 
thrown [s\open\src\hotspot\share\interpreter\linkResolver.cpp, line 773]
Event: 41.147 Thread 0x00000293fb16e8d0 Exception <a 'java/lang/IncompatibleClassChangeError'{0x0000000763b2b008}: Found class java.lang.Object, but interface was expected> (0x0000000763b2b008) 
thrown [s\open\src\hotspot\share\interpreter\linkResolver.cpp, line 840]
Event: 41.472 Thread 0x00000293fb171030 Exception <a 'java/lang/NoSuchMethodError'{0x000000076391bcf8}: 'java.lang.Object java.lang.invoke.DirectMethodHandle$Holder.invokeStatic(java.lang.Object, int, int)'> (0x000000076391bcf8) 
thrown [s\open\src\hotspot\share\interpreter\linkResolver.cpp, line 773]

ZGC Phase Switch (0 events):
No events

VM Operations (20 events):
Event: 41.164 Executing VM operation: HandshakeAllThreads (Deoptimize) done
Event: 41.483 Executing VM operation: HandshakeAllThreads (Deoptimize)
Event: 41.483 Executing VM operation: HandshakeAllThreads (Deoptimize) done
Event: 41.490 Executing VM operation: HandshakeAllThreads (Deoptimize)
Event: 41.490 Executing VM operation: HandshakeAllThreads (Deoptimize) done
Event: 41.493 Executing VM operation: HandshakeAllThreads (Deoptimize)
Event: 41.494 Executing VM operation: HandshakeAllThreads (Deoptimize) done
Event: 41.495 Executing VM operation: HandshakeAllThreads (Deoptimize)
Event: 41.495 Executing VM operation: HandshakeAllThreads (Deoptimize) done
Event: 41.499 Executing VM operation: HandshakeAllThreads (Deoptimize)
Event: 41.499 Executing VM operation: HandshakeAllThreads (Deoptimize) done
Event: 41.500 Executing VM operation: HandshakeAllThreads (Deoptimize)
Event: 41.500 Executing VM operation: HandshakeAllThreads (Deoptimize) done
Event: 41.507 Executing VM operation: HandshakeAllThreads (Deoptimize)
Event: 41.507 Executing VM operation: HandshakeAllThreads (Deoptimize) done
Event: 42.516 Executing VM operation: Cleanup
Event: 42.516 Executing VM operation: Cleanup done
Event: 42.565 Executing VM operation: HandshakeAllThreads (Deoptimize)
Event: 42.565 Executing VM operation: HandshakeAllThreads (Deoptimize) done
Event: 43.573 Executing VM operation: Cleanup

Events (20 events):
Event: 37.687 Thread 0x00000293fb5acae0 Thread added: 0x00000293fb5acae0
Event: 37.733 Thread 0x000002938dd01c40 Thread added: 0x000002938dd01c40
Event: 37.734 Thread 0x000002938dcfe130 Thread exited: 0x000002938dcfe130
Event: 37.749 Thread 0x000002938dcfe7c0 Thread added: 0x000002938dcfe7c0
Event: 37.949 Thread 0x00000293fb5acae0 Thread exited: 0x00000293fb5acae0
Event: 38.421 Thread 0x00000293f9176c60 Thread exited: 0x00000293f9176c60
Event: 38.427 Thread 0x00000293f9178970 Thread exited: 0x00000293f9178970
Event: 38.427 Thread 0x00000293927a7590 Thread exited: 0x00000293927a7590
Event: 38.427 Thread 0x000002938dd02ff0 Thread added: 0x000002938dd02ff0
Event: 41.035 Thread 0x00000293fb5adf50 Thread added: 0x00000293fb5adf50
Event: 42.309 Thread 0x000002938dd02960 Thread added: 0x000002938dd02960
Event: 42.310 Thread 0x00000293fb5adf50 Thread exited: 0x00000293fb5adf50
Event: 42.413 Thread 0x00000293fb5aecf0 Thread added: 0x00000293fb5aecf0
Event: 42.576 Thread 0x000002938dd03d10 Thread added: 0x000002938dd03d10
Event: 42.578 Thread 0x000002938dd043a0 Thread added: 0x000002938dd043a0
Event: 42.584 Thread 0x00000293fcb53be0 Thread added: 0x00000293fcb53be0
Event: 42.593 Thread 0x00000293fcb54f90 Thread added: 0x00000293fcb54f90
Event: 42.595 Thread 0x00000293fcb53550 Thread added: 0x00000293fcb53550
Event: 42.595 Thread 0x00000293fcb51b10 Thread added: 0x00000293fcb51b10
Event: 42.596 Thread 0x00000293fcb51b10 Thread exited: 0x00000293fcb51b10


Dynamic libraries:
0x00007ff747520000 - 0x00007ff74752e000 	C:\Users\Youssouf\.jdks\openjdk-21.0.1\bin\java.exe
0x00007ff99e720000 - 0x00007ff99e988000 	C:\WINDOWS\SYSTEM32\ntdll.dll
0x00007ff99d390000 - 0x00007ff99d459000 	C:\WINDOWS\System32\KERNEL32.DLL
0x00007ff99c000000 - 0x00007ff99c3f1000 	C:\WINDOWS\System32\KERNELBASE.dll
0x00007ff99b030000 - 0x00007ff99b17b000 	C:\WINDOWS\System32\ucrtbase.dll
0x00007ff989040000 - 0x00007ff989058000 	C:\Users\Youssouf\.jdks\openjdk-21.0.1\bin\jli.dll
0x00007ff96e400000 - 0x00007ff96e41b000 	C:\Users\Youssouf\.jdks\openjdk-21.0.1\bin\VCRUNTIME140.dll
0x00007ff99c9a0000 - 0x00007ff99cb66000 	C:\WINDOWS\System32\USER32.dll
0x00007ff99b000000 - 0x00007ff99b027000 	C:\WINDOWS\System32\win32u.dll
0x00007ff977c30000 - 0x00007ff977ec3000 	C:\WINDOWS\WinSxS\amd64_microsoft.windows.common-controls_6595b64144ccf1df_6.0.26100.7705_none_3e06597ae3363b04\COMCTL32.dll
0x00007ff99cdc0000 - 0x00007ff99cdeb000 	C:\WINDOWS\System32\GDI32.dll
0x00007ff99bed0000 - 0x00007ff99bffb000 	C:\WINDOWS\System32\gdi32full.dll
0x00007ff99cbf0000 - 0x00007ff99cc99000 	C:\WINDOWS\System32\msvcrt.dll
0x00007ff99b3a0000 - 0x00007ff99b443000 	C:\WINDOWS\System32\msvcp_win.dll
0x00007ff99cfd0000 - 0x00007ff99d001000 	C:\WINDOWS\System32\IMM32.DLL
0x00007ff991b60000 - 0x00007ff991b6c000 	C:\Users\Youssouf\.jdks\openjdk-21.0.1\bin\vcruntime140_1.dll
0x00007ff96e370000 - 0x00007ff96e3fe000 	C:\Users\Youssouf\.jdks\openjdk-21.0.1\bin\msvcp140.dll
0x00007ff8a7fe0000 - 0x00007ff8a8cf5000 	C:\Users\Youssouf\.jdks\openjdk-21.0.1\bin\server\jvm.dll
0x00007ff99d250000 - 0x00007ff99d304000 	C:\WINDOWS\System32\ADVAPI32.dll
0x00007ff99d470000 - 0x00007ff99d516000 	C:\WINDOWS\System32\sechost.dll
0x00007ff99cca0000 - 0x00007ff99cdb8000 	C:\WINDOWS\System32\RPCRT4.dll
0x00007ff99d530000 - 0x00007ff99d5a4000 	C:\WINDOWS\System32\WS2_32.dll
0x00007ff99ae80000 - 0x00007ff99aede000 	C:\WINDOWS\SYSTEM32\POWRPROF.dll
0x00007ff98e0e0000 - 0x00007ff98e115000 	C:\WINDOWS\SYSTEM32\WINMM.dll
0x00007ff987ea0000 - 0x00007ff987eab000 	C:\WINDOWS\SYSTEM32\VERSION.dll
0x00007ff99ae60000 - 0x00007ff99ae74000 	C:\WINDOWS\SYSTEM32\UMPDC.dll
0x00007ff999d80000 - 0x00007ff999d9b000 	C:\WINDOWS\SYSTEM32\kernel.appcore.dll
0x00007ff991a20000 - 0x00007ff991a2a000 	C:\Users\Youssouf\.jdks\openjdk-21.0.1\bin\jimage.dll
0x00007ff998ec0000 - 0x00007ff999102000 	C:\WINDOWS\SYSTEM32\DBGHELP.DLL
0x00007ff99e350000 - 0x00007ff99e6d6000 	C:\WINDOWS\System32\combase.dll
0x00007ff99d070000 - 0x00007ff99d147000 	C:\WINDOWS\System32\OLEAUT32.dll
0x00007ff97a780000 - 0x00007ff97a7bb000 	C:\WINDOWS\SYSTEM32\dbgcore.DLL
0x00007ff99b2f0000 - 0x00007ff99b395000 	C:\WINDOWS\System32\bcryptPrimitives.dll
0x00007ff989030000 - 0x00007ff98903f000 	C:\Users\Youssouf\.jdks\openjdk-21.0.1\bin\instrument.dll
0x00007ff96e350000 - 0x00007ff96e36f000 	C:\Users\Youssouf\.jdks\openjdk-21.0.1\bin\java.dll
0x00007ff99dab0000 - 0x00007ff99e201000 	C:\WINDOWS\System32\SHELL32.dll
0x00007ff99b180000 - 0x00007ff99b2ea000 	C:\WINDOWS\System32\wintypes.dll
0x00007ff99b450000 - 0x00007ff99bcb2000 	C:\WINDOWS\System32\windows.storage.dll
0x00007ff99d7b0000 - 0x00007ff99d8a6000 	C:\WINDOWS\System32\SHCORE.dll
0x00007ff99e2e0000 - 0x00007ff99e347000 	C:\WINDOWS\System32\shlwapi.dll
0x00007ff99af20000 - 0x00007ff99af49000 	C:\WINDOWS\SYSTEM32\profapi.dll
0x00007ff95baa0000 - 0x00007ff95bb77000 	C:\Users\Youssouf\.jdks\openjdk-21.0.1\bin\jsvml.dll
0x00007ff96e2f0000 - 0x00007ff96e308000 	C:\Users\Youssouf\.jdks\openjdk-21.0.1\bin\zip.dll
0x00007ff978210000 - 0x00007ff978220000 	C:\Users\Youssouf\.jdks\openjdk-21.0.1\bin\net.dll
0x00007ff992740000 - 0x00007ff992867000 	C:\WINDOWS\SYSTEM32\WINHTTP.dll
0x00007ff99a300000 - 0x00007ff99a36b000 	C:\WINDOWS\system32\mswsock.dll
0x00007ff96e330000 - 0x00007ff96e346000 	C:\Users\Youssouf\.jdks\openjdk-21.0.1\bin\nio.dll
0x00007ff96e260000 - 0x00007ff96e267000 	C:\Users\Youssouf\.jdks\openjdk-21.0.1\bin\extnet.dll
0x00007ff998080000 - 0x00007ff998090000 	C:\Users\Youssouf\.jdks\openjdk-21.0.1\bin\verify.dll
0x00007ff97d590000 - 0x00007ff97d59a000 	C:\Users\Youssouf\.jdks\openjdk-21.0.1\bin\management.dll
0x00007ff96e200000 - 0x00007ff96e20b000 	C:\Users\Youssouf\.jdks\openjdk-21.0.1\bin\management_ext.dll
0x00007ff99d060000 - 0x00007ff99d068000 	C:\WINDOWS\System32\PSAPI.DLL
0x00007ff978050000 - 0x00007ff97805e000 	C:\Users\Youssouf\.jdks\openjdk-21.0.1\bin\sunmscapi.dll
0x00007ff99bd50000 - 0x00007ff99bec7000 	C:\WINDOWS\System32\CRYPT32.dll
0x00007ff99a800000 - 0x00007ff99a830000 	C:\WINDOWS\SYSTEM32\ncrypt.dll
0x00007ff99a7b0000 - 0x00007ff99a7ef000 	C:\WINDOWS\SYSTEM32\NTASN1.dll
0x00007ff99a5e0000 - 0x00007ff99a5fb000 	C:\WINDOWS\SYSTEM32\CRYPTSP.dll
0x00007ff999ce0000 - 0x00007ff999d19000 	C:\WINDOWS\system32\rsaenh.dll
0x00007ff99a3d0000 - 0x00007ff99a3fb000 	C:\WINDOWS\SYSTEM32\USERENV.dll
0x00007ff99aef0000 - 0x00007ff99af1a000 	C:\WINDOWS\SYSTEM32\bcrypt.dll
0x00007ff99a600000 - 0x00007ff99a60c000 	C:\WINDOWS\SYSTEM32\CRYPTBASE.dll
0x00007ff999770000 - 0x00007ff9997a4000 	C:\WINDOWS\SYSTEM32\IPHLPAPI.DLL
0x00007ff99d520000 - 0x00007ff99d52a000 	C:\WINDOWS\System32\NSI.dll
0x00007ff9997b0000 - 0x00007ff9998dc000 	C:\WINDOWS\SYSTEM32\DNSAPI.dll
0x00007ff990f40000 - 0x00007ff990f4b000 	C:\Windows\System32\rasadhlp.dll
0x00007ff993000000 - 0x00007ff993086000 	C:\WINDOWS\System32\fwpuclnt.dll
0x00007ff96cc40000 - 0x00007ff96cc85000 	C:\Users\Youssouf\AppData\Local\Temp\jna--615657407\jna6691289945167641944.dll
0x00007ff99d610000 - 0x00007ff99d7a7000 	C:\WINDOWS\System32\Ole32.dll
0x00007ff99e220000 - 0x00007ff99e2d0000 	C:\WINDOWS\System32\clbcatq.dll
0x00007ff97f270000 - 0x00007ff97f28d000 	C:\WINDOWS\SYSTEM32\amsi.dll
0x00007ff97f1c0000 - 0x00007ff97f262000 	C:\ProgramData\Microsoft\Windows Defender\Platform\4.18.26010.4-0\MpOav.dll
0x00007ff949540000 - 0x00007ff949548000 	C:\WINDOWS\system32\wshunix.dll
0x00007ff947690000 - 0x00007ff94781e000 	C:\Users\Youssouf\.jdks\openjdk-21.0.1\bin\awt.dll
0x00007ff998340000 - 0x00007ff9983de000 	C:\WINDOWS\SYSTEM32\apphelp.dll
0x00007ff889240000 - 0x00007ff889cd7000 	C:\Users\Youssouf\AppData\Local\Temp\onnxruntime-java3756823606280131939\onnxruntime.dll
0x00007ff96cce0000 - 0x00007ff96ccf7000 	C:\Users\Youssouf\AppData\Local\Temp\onnxruntime-java3756823606280131939\onnxruntime4j_jni.dll
0x0000000064940000 - 0x0000000064955000 	C:\Users\Youssouf\.djl.ai\tokenizers\0.19.1-0.28.0-win-x86_64\libwinpthread-1.dll
0x00007ff959670000 - 0x00007ff9596e6000 	C:\Users\Youssouf\.djl.ai\tokenizers\0.19.1-0.28.0-win-x86_64\libgcc_s_seh-1.dll
0x00007ff92ee30000 - 0x00007ff92f021000 	C:\Users\Youssouf\.djl.ai\tokenizers\0.19.1-0.28.0-win-x86_64\libstdc++-6.dll
0x00007ff8738a0000 - 0x00007ff8741b2000 	C:\Users\Youssouf\.djl.ai\tokenizers\0.19.1-0.28.0-win-x86_64\tokenizers.dll

dbghelp: loaded successfully - version: 4.0.5 - missing functions: none
symbol engine: initialized successfully - sym options: 0x614 - pdb path: .;C:\Users\Youssouf\.jdks\openjdk-21.0.1\bin;C:\WINDOWS\SYSTEM32;C:\WINDOWS\WinSxS\amd64_microsoft.windows.common-controls_6595b64144ccf1df_6.0.26100.7705_none_3e06597ae3363b04;C:\Users\Youssouf\.jdks\openjdk-21.0.1\bin\server;C:\Users\Youssouf\AppData\Local\Temp\jna--615657407;C:\ProgramData\Microsoft\Windows Defender\Platform\4.18.26010.4-0;C:\Users\Youssouf\AppData\Local\Temp\onnxruntime-java3756823606280131939;C:\Users\Youssouf\.djl.ai\tokenizers\0.19.1-0.28.0-win-x86_64

VM Arguments:
jvm_args: -Dvaadin.copilot.pluginDotFilePath=C:\Yussuf\Etudes\UQTR\Automne 2025\Projet\SmartAi_RH\S_hpc\S_hpc\.idea\.copilot-plugin -javaagent:C:\Users\Youssouf\AppData\Local\Programs\IntelliJ IDEA Ultimate\lib\idea_rt.jar=52617 -Dfile.encoding=UTF-8 -Dsun.stdout.encoding=UTF-8 -Dsun.stderr.encoding=UTF-8 
java_command: YF.S_hpc.SHpcApplication
java_class_path (initial): C:\Yussuf\Etudes\UQTR\Automne 2025\Projet\SmartAi_RH\S_hpc\S_hpc\target\classes;C:\Users\Youssouf\.m2\repository\org\springframework\boot\spring-boot-starter-web\3.3.0\spring-boot-starter-web-3.3.0.jar;C:\Users\Youssouf\.m2\repository\org\springframework\boot\spring-boot-starter\3.3.0\spring-boot-starter-3.3.0.jar;C:\Users\Youssouf\.m2\repository\org\springframework\boot\spring-boot-starter-logging\3.3.0\spring-boot-starter-logging-3.3.0.jar;C:\Users\Youssouf\.m2\repository\ch\qos\logback\logback-classic\1.5.6\logback-classic-1.5.6.jar;C:\Users\Youssouf\.m2\repository\ch\qos\logback\logback-core\1.5.6\logback-core-1.5.6.jar;C:\Users\Youssouf\.m2\repository\org\apache\logging\log4j\log4j-to-slf4j\2.23.1\log4j-to-slf4j-2.23.1.jar;C:\Users\Youssouf\.m2\repository\org\apache\logging\log4j\log4j-api\2.23.1\log4j-api-2.23.1.jar;C:\Users\Youssouf\.m2\repository\org\slf4j\jul-to-slf4j\2.0.13\jul-to-slf4j-2.0.13.jar;C:\Users\Youssouf\.m2\repository\jakarta\annotation\jakarta.annotation-api\2.1.1\jakarta.annotation-api-2.1.1.jar;C:\Users\Youssouf\.m2\repository\org\yaml\snakeyaml\2.2\snakeyaml-2.2.jar;C:\Users\Youssouf\.m2\repository\org\springframework\boot\spring-boot-starter-json\3.3.0\spring-boot-starter-json-3.3.0.jar;C:\Users\Youssouf\.m2\repository\com\fasterxml\jackson\datatype\jackson-datatype-jdk8\2.17.1\jackson-datatype-jdk8-2.17.1.jar;C:\Users\Youssouf\.m2\repository\com\fasterxml\jackson\datatype\jackson-datatype-jsr310\2.17.1\jackson-datatype-jsr310-2.17.1.jar;C:\Users\Youssouf\.m2\repository\com\fasterxml\jackson\module\jackson-module-parameter-names\2.17.1\jackson-module-parameter-names-2.17.1.jar;C:\Users\Youssouf\.m2\repository\org\springframework\boot\spring-boot-starter-tomcat\3.3.0\spring-boot-starter-tomcat-3.3.0.jar;C:\Users\Youssouf\.m2\repository\org\apache\tomcat\embed\tomcat-embed-core\10.1.24\tomcat-embed-core-10.1.24.jar;C:\Users\Youssouf\.m2\repository\org\apache\tomcat\embed\tomcat-embed-el\10.1.24\tomcat-embed-el-10.1.24.jar;C:\Users\Youssouf\.m2\repository\org\apache\tomcat\embed\tomcat-embed-websocket\10.1.24\tomcat-embed-websocket-10.1.24.jar;C:\Users\Youssouf\.m2\repository\org\springframework\spring-web\6.1.8\spring-web-6.1.8.jar;C:\Users\Youssouf\.m2\repository\org\springframework\spring-beans\6.1.8\spring-beans-6.1.8.jar;C:\Users\Youssouf\.m2\repository\io\micrometer\micrometer-observation\1.13.0\micrometer-observation-1.13.0.jar;C:\Users\Youssouf\.m2\repository\io\micrometer\micrometer-commons\1.13.0\micrometer-commons-1.13.0.jar;C:\Users\Youssouf\.m2\repository\org\springframework\spring-webmvc\6.1.8\spring-webmvc-6.1.8.jar;C:\Users\Youssouf\.m2\repository\org\springframework\spring-aop\6.1.8\spring-aop-6.1.8.jar;C:\Users\Youssouf\.m2\repository\org\springframework\spring-context\6.1.8\spring-context-6.1.8.jar;C:\Users\Youssouf\.m2\repository\org\springframework\spring-expression\6.1.8\spring-expression-6.1.8.jar;C:\Users\Youssouf\.m2\repository\org\springframework\boot\spring-boot-starter-data-jpa\3.3.0\spring-boot-starter-data-jpa-3.3.0.jar;C:\Users\Youssouf\.m2\repository\org\springframework\boot\spring-boot-starter-aop\3.3.0\spring-boot-starter-aop-3.3.0.jar;C:\Users\Youssouf\.m2\repository\org\aspectj\aspectjweaver\1.9.22\aspectjweaver-1.9.22.jar;C:\Users\Youssouf\.m2\repository\org\springframework\boot\spring-boot-starter-jdbc\3.3.0\spring-boot-starter-jdbc-3.3.0.jar;C:\Users\Youssouf\.m2\repository\com\zaxxer\HikariCP\5.1.0\HikariCP-5.1.0.jar;C:\Users\Youssouf\.m2\repository\org\springframework\spring-jdbc\6.1.8\spring-jdbc-6.1.8.jar;C:\Users\Youssouf\.m2\repository\org\hibernate\orm\hibernate-core\6.5.2.Final\hibernate-core-6.5.2.Final.jar;C:\Users\Youssouf\.m2\repository\jakarta\persistence\jakarta.persistence-api\3.1.0\jakarta.persistence-api-3.1.0.jar;C:\Users\Youssouf\.m2\repository\jakarta\transaction\jakarta.transaction-api\2.0.1\jakarta.transaction-api-2.0.1.jar;C:\Users\Youssouf\.m2\repository\org\jboss\logging\jboss-logging\3.5.3.Final\jboss-logging-3.5.3.Final.jar;C:\Users\Youssouf\.m2\repository\org\hibernate\common\hibernate-commons-annotations\6.0.6.Final\hibernate-commons-annotations-6.0.6.Final.jar;C:\Users\Youssouf\.m2\repository\io\smallrye\jandex\3.1.2\jandex-3.1.2.jar;C:\Users\Youssouf\.m2\repository\com\fasterxml\classmate\1.7.0\classmate-1.7.0.jar;C:\Users\Youssouf\.m2\repository\net\bytebuddy\byte-buddy\1.14.16\byte-buddy-1.14.16.jar;C:\Users\Youssouf\.m2\repository\org\glassfish\jaxb\jaxb-runtime\4.0.5\jaxb-runtime-4.0.5.jar;C:\Users\Youssouf\.m2\repository\org\glassfish\jaxb\jaxb-core\4.0.5\jaxb-core-4.0.5.jar;C:\Users\Youssouf\.m2\repository\org\eclipse\angus\angus-activation\2.0.2\angus-activation-2.0.2.jar;C:\Users\Youssouf\.m2\repository\org\glassfish\jaxb\txw2\4.0.5\txw2-4.0.5.jar;C:\Users\Youssouf\.m2\repository\com\sun\istack\istack-commons-runtime\4.1.2\istack-commons-runtime-4.1.2.jar;C:\Users\Youssouf\.m2\repository\jakarta\inject\jakarta.inject-api\2.0.1\jakarta.inject-api-2.0.1.jar;C:\Users\Youssouf\.m2\repository\org\antlr\antlr4-runtime\4.13.0\antlr4-runtime-4.13.0.jar;C:\Users\Youssouf\.m2\repository\org\springframework\data\spring-data-jpa\3.3.0\spring-data-jpa-3.3.0.jar;C:\Users\Youssouf\.m2\repository\org\springframework\data\spring-data-commons\3.3.0\spring-data-commons-3.3.0.jar;C:\Users\Youssouf\.m2\repository\org\springframework\spring-orm\6.1.8\spring-orm-6.1.8.jar;C:\Users\Youssouf\.m2\repository\org\springframework\spring-tx\6.1.8\spring-tx-6.1.8.jar;C:\Users\Youssouf\.m2\repository\org\springframework\spring-aspects\6.1.8\spring-aspects-6.1.8.jar;C:\Users\Youssouf\.m2\repository\com\vaadin\vaadin-spring-boot-starter\24.5.4\vaadin-spring-boot-starter-24.5.4.jar;C:\Users\Youssouf\.m2\repository\com\vaadin\vaadin-spring\24.5.4\vaadin-spring-24.5.4.jar;C:\Users\Youssouf\.m2\repository\com\vaadin\flow-server\24.5.4\flow-server-24.5.4.jar;C:\Users\Youssouf\.m2\repository\com\vaadin\servletdetector\throw-if-servlet3\1.0.2\throw-if-servlet3-1.0.2.jar;C:\Users\Youssouf\.m2\repository\com\vaadin\external\gwt\gwt-elemental\2.8.2.vaadin2\gwt-elemental-2.8.2.vaadin2.jar;C:\Users\Youssouf\.m2\repository\org\apache\commons\commons-fileupload2-jakarta\2.0.0-M1\commons-fileupload2-jakarta-2.0.0-M1.jar;C:\Users\Youssouf\.m2\repository\org\apache\commons\commons-fileupload2-core\2.0.0-M1\commons-fileupload2-core-2.0.0-M1.jar;C:\Users\Youssouf\.m2\repository\commons-io\commons-io\2.17.0\commons-io-2.17.0.jar;C:\Users\Youssouf\.m2\repository\org\jsoup\jsoup\1.18.1\jsoup-1.18.1.jar;C:\Users\Youssouf\.m2\repository\com\helger\ph-css\7.0.2\ph-css-7.0.2.jar;C:\Users\Youssouf\.m2\repository\com\helger\commons\ph-commons\11.1.5\ph-commons-11.1.5.jar;C:\Users\Youssouf\.m2\repository\org\ow2\asm\asm\9.7\asm-9.7.jar;C:\Users\Youssouf\.m2\repository\com\vaadin\external\gentyref\1.2.0.vaadin1\gentyref-1.2.0.vaadin1.jar;C:\Users\Youssouf\.m2\repository\com\vaadin\flow-push\24.5.4\flow-push-24.5.4.jar;C:\Users\Youssouf\.m2\repository\com\vaadin\external\atmosphere\atmosphere-runtime\3.0.5.slf4jvaadin1\atmosphere-runtime-3.0.5.slf4jvaadin1.jar;C:\Users\Youssouf\.m2\repository\com\vaadin\flow-client\24.5.4\flow-client-24.5.4.jar;C:\Users\Youssouf\.m2\repository\org\springframework\spring-websocket\6.1.8\spring-websocket-6.1.8.jar;C:\Users\Youssouf\.m2\repository\org\hibernate\validator\hibernate-validator\8.0.1.Final\hibernate-validator-8.0.1.Final.jar;C:\Users\Youssouf\.m2\repository\jakarta\validation\jakarta.validation-api\3.0.2\jakarta.validation-api-3.0.2.jar;C:\Users\Youssouf\.m2\repository\org\reflections\reflections\0.10.2\reflections-0.10.2.jar;C:\Users\Youssouf\.m2\repository\org\javassist\javassist\3.30.2-GA\javassist-3.30.2-GA.jar;C:\Users\Youssouf\.m2\repository\com\vaadin\vaadin-core\24.5.4\vaadin-core-24.5.4.jar;C:\Users\Youssouf\.m2\repository\com\vaadin\vaadin-core-internal\24.5.4\vaadin-core-internal-24.5.4.jar;C:\Users\Youssouf\.m2\repository\com\vaadin\flow-lit-template\24.5.4\flow-lit-template-24.5.4.jar;C:\Users\Youssouf\.m2\repository\com\vaadin\flow-react\24.5.4\flow-react-24.5.4.jar;C:\Users\Youssouf\.m2\repository\com\vaadin\flow-html-components\24.5.4\flow-html-components-24.5.4.jar;C:\Users\Youssouf\.m2\repository\com\vaadin\flow-data\24.5.4\flow-data-24.5.4.jar;C:\Users\Youssouf\.m2\repository\com\vaadin\flow-dnd\24.5.4\flow-dnd-24.5.4.jar;C:\Users\Youssouf\.m2\repository\com\vaadin\vaadin-lumo-theme\24.5.4\vaadin-lumo-theme-24.5.4.jar;C:\Users\Youssouf\.m2\repository\com\vaadin\vaadin-material-theme\24.5.4\vaadin-material-theme-24.5.4.jar;C:\Users\Youssouf\.m2\repository\com\vaadin\vaadin-accordion-flow\24.5.4\vaadin-accordion-flow-24.5.4.jar;C:\Users\Youssouf\.m2\repository\com\vaadin\vaadin-avatar-flow\24.5.4\vaadin-avatar-flow-24.5.4.jar;C:\Users\Youssouf\.m2\repository\com\vaadin\vaadin-flow-components-base\24.5.4\vaadin-flow-components-base-24.5.4.jar;C:\Users\Youssouf\.m2\repository\com\vaadin\vaadin-button-flow\24.5.4\vaadin-button-flow-24.5.4.jar;C:\Users\Youssouf\.m2\repository\com\vaadin\vaadin-checkbox-flow\24.5.4\vaadin-checkbox-flow-24.5.4.jar;C:\Users\Youssouf\.m2\repository\com\vaadin\vaadin-combo-box-flow\24.5.4\vaadin-combo-box-flow-24.5.4.jar;C:\Users\Youssouf\.m2\repository\com\vaadin\vaadin-confirm-dialog-flow\24.5.4\vaadin-confirm-dialog-flow-24.5.4.jar;C:\Users\Youssouf\.m2\repository\com\vaadin\vaadin-custom-field-flow\24.5.4\vaadin-custom-field-flow-24.5.4.jar;C:\Users\Youssouf\.m2\repository\com\vaadin\vaadin-date-picker-flow\24.5.4\vaadin-date-picker-flow-24.5.4.jar;C:\Users\Youssouf\.m2\repository\com\vaadin\vaadin-date-time-picker-flow\24.5.4\vaadin-date-time-picker-flow-24.5.4.jar;C:\Users\Youssouf\.m2\repository\com\vaadin\vaadin-details-flow\24.5.4\vaadin-details-flow-24.5.4.jar;C:\Users\Youssouf\.m2\repository\com\vaadin\vaadin-time-picker-flow\24.5.4\vaadin-time-picker-flow-24.5.4.jar;C:\Users\Youssouf\.m2\repository\com\vaadin\vaadin-select-flow\24.5.4\vaadin-select-flow-24.5.4.jar;C:\Users\Youssouf\.m2\repository\com\vaadin\vaadin-side-nav-flow\24.5.4\vaadin-side-nav-flow-24.5.4.jar;C:\Users\Youssouf\.m2\repository\com\vaadin\vaadin-dialog-flow\24.5.4\vaadin-dialog-flow-24.5.4.jar;C:\Users\Youssouf\.m2\repository\com\vaadin\vaadin-form-layout-flow\24.5.4\vaadin-form-layout-flow-24.5.4.jar;C:\Users\Youssouf\.m2\repository\com\vaadin\vaadin-field-highlighter-flow\24.5.4\vaadin-field-highlighter-flow-24.5.4.jar;C:\Users\Youssouf\.m2\repository\com\vaadin\vaadin-grid-flow\24.5.4\vaadin-grid-flow-24.5.4.jar;C:\Users\Youssouf\.m2\repository\com\vaadin\vaadin-icons-flow\24.5.4\vaadin-icons-flow-24.5.4.jar;C:\Users\Youssouf\.m2\repository\com\vaadin\vaadin-virtual-list-flow\24.5.4\vaadin-virtual-list-flow-24.5.4.jar;C:\Users\Youssouf\.m2\repository\com\vaadin\vaadin-list-box-flow\24.5.4\vaadin-list-box-flow-24.5.4.jar;C:\Users\Youssouf\.m2\repository\com\vaadin\vaadin-login-flow\24.5.4\vaadin-login-flow-24.5.4.jar;C:\Users\Youssouf\.m2\repository\com\vaadin\vaadin-messages-flow\24.5.4\vaadin-messages-flow-24.5.4.jar;C:\Users\Youssouf\.m2\repository\com\vaadin\vaadin-ordered-layout-flow\24.5.4\vaadin-ordered-layout-flow-24.5.4.jar;C:\Users\Youssouf\.m2\repository\com\vaadin\vaadin-progress-bar-flow\24.5.4\vaadin-progress-bar-flow-24.5.4.jar;C:\Users\Youssouf\.m2\repository\com\vaadin\vaadin-popover-flow\24.5.4\vaadin-popover-flow-24.5.4.jar;C:\Users\Youssouf\.m2\repository\com\vaadin\vaadin-radio-button-flow\24.5.4\vaadin-radio-button-flow-24.5.4.jar;C:\Users\Youssouf\.m2\repository\com\vaadin\vaadin-renderer-flow\24.5.4\vaadin-renderer-flow-24.5.4.jar;C:\Users\Youssouf\.m2\repository\com\vaadin\vaadin-split-layout-flow\24.5.4\vaadin-split-layout-flow-24.5.4.jar;C:\Users\Youssouf\.m2\repository\com\vaadin\vaadin-tabs-flow\24.5.4\vaadin-tabs-flow-24.5.4.jar;C:\Users\Youssouf\.m2\repository\com\vaadin\vaadin-text-field-flow\24.5.4\vaadin-text-field-flow-24.5.4.jar;C:\Users\Youssouf\.m2\repository\com\vaadin\vaadin-upload-flow\24.5.4\vaadin-upload-flow-24.5.4.jar;C:\Users\Youssouf\.m2\repository\com\vaadin\vaadin-notification-flow\24.5.4\vaadin-notification-flow-24.5.4.jar;C:\Users\Youssouf\.m2\repository\com\vaadin\vaadin-app-layout-flow\24.5.4\vaadin-app-layout-flow-24.5.4.jar;C:\Users\Youssouf\.m2\repository\com\vaadin\vaadin-context-menu-flow\24.5.4\vaadin-context-menu-flow-24.5.4.jar;C:\Users\Youssouf\.m2\repository\com\vaadin\vaadin-menu-bar-flow\24.5.4\vaadin-menu-bar-flow-24.5.4.jar;C:\Users\Youssouf\.m2\repository\com\vaadin\collaboration-engine\6.3.0\collaboration-engine-6.3.0.jar;C:\Users\Youssouf\.m2\repository\com\vaadin\vaadin-dev\24.5.4\vaadin-dev-24.5.4.jar;C:\Users\Youssouf\.m2\repository\com\vaadin\vaadin-dev-server\24.5.4\vaadin-dev-server-24.5.4.jar;C:\Users\Youssouf\.m2\repository\com\vaadin\license-checker\1.13.0\license-checker-1.13.0.jar;C:\Users\Youssouf\.m2\repository\com\github\oshi\oshi-core\6.4.10\oshi-core-6.4.10.jar;C:\Users\Youssouf\.m2\repository\net\java\dev\jna\jna-platform\5.14.0\jna-platform-5.14.0.jar;C:\Users\Youssouf\.m2\repository\com\nimbusds\nimbus-jose-jwt\9.37.3\nimbus-jose-jwt-9.37.3.jar;C:\Users\Youssouf\.m2\repository\org\lucee\jcip-annotations\1.0.0\jcip-annotations-1.0.0.jar;C:\Users\Youssouf\.m2\repository\com\vaadin\open\8.5.0.3\open-8.5.0.3.jar;C:\Users\Youssouf\.m2\repository\com\github\javaparser\javaparser-core\3.26.2\javaparser-core-3.26.2.jar;C:\Users\Youssouf\.m2\repository\io\methvin\directory-watcher\0.18.0\directory-watcher-0.18.0.jar;C:\Users\Youssouf\.m2\repository\com\vaadin\vaadin-dev-bundle\24.5.4\vaadin-dev-bundle-24.5.4.jar;C:\Users\Youssouf\.m2\repository\com\vaadin\hilla-dev\24.5.4\hilla-dev-24.5.4.jar;C:\Users\Youssouf\.m2\repository\com\vaadin\copilot\24.5.4\copilot-24.5.4.jar;C:\Users\Youssouf\.m2\repository\io\projectreactor\netty\reactor-netty\1.1.19\reactor-netty-1.1.19.jar;C:\Users\Youssouf\.m2\repository\io\projectreactor\netty\reactor-netty-core\1.1.19\reactor-netty-core-1.1.19.jar;C:\Users\Youssouf\.m2\repository\io\netty\netty-handler\4.1.110.Final\netty-handler-4.1.110.Final.jar;C:\Users\Youssouf\.m2\repository\io\netty\netty-common\4.1.110.Final\netty-common-4.1.110.Final.jar;C:\Users\Youssouf\.m2\repository\io\netty\netty-resolver\4.1.110.Final\netty-resolver-4.1.110.Final.jar;C:\Users\Youssouf\.m2\repository\io\netty\netty-buffer\4.1.110.Final\netty-buffer-4.1.110.Final.jar;C:\Users\Youssouf\.m2\repository\io\netty\netty-transport\4.1.110.Final\netty-transport-4.1.110.Final.jar;C:\Users\Youssouf\.m2\repository\io\netty\netty-transport-native-unix-common\4.1.110.Final\netty-transport-native-unix-common-4.1.110.Final.jar;C:\Users\Youssouf\.m2\repository\io\netty\netty-codec\4.1.110.Final\netty-codec-4.1.110.Final.jar;C:\Users\Youssouf\.m2\repository\io\netty\netty-handler-proxy\4.1.110.Final\netty-handler-proxy-4.1.110.Final.jar;C:\Users\Youssouf\.m2\repository\io\netty\netty-codec-socks\4.1.110.Final\netty-codec-socks-4.1.110.Final.jar;C:\Users\Youssouf\.m2\repository\io\netty\netty-resolver-dns\4.1.110.Final\netty-resolver-dns-4.1.110.Final.jar;C:\Users\Youssouf\.m2\repository\io\netty\netty-codec-dns\4.1.110.Final\netty-codec-dns-4.1.110.Final.jar;C:\Users\Youssouf\.m2\repository\io\netty\netty-resolver-dns-native-macos\4.1.110.Final\netty-resolver-dns-native-macos-4.1.110.Final-osx-x86_64.jar;C:\Users\Youssouf\.m2\repository\io\netty\netty-resolver-dns-classes-macos\4.1.110.Final\netty-resolver-dns-classes-macos-4.1.110.Final.jar;C:\Users\Youssouf\.m2\repository\io\netty\netty-transport-native-epoll\4.1.110.Final\netty-transport-native-epoll-4.1.110.Final-linux-x86_64.jar;C:\Users\Youssouf\.m2\repository\io\netty\netty-transport-classes-epoll\4.1.110.Final\netty-transport-classes-epoll-4.1.110.Final.jar;C:\Users\Youssouf\.m2\repository\io\projectreactor\netty\reactor-netty-http\1.1.19\reactor-netty-http-1.1.19.jar;C:\Users\Youssouf\.m2\repository\io\netty\netty-codec-http\4.1.110.Final\netty-codec-http-4.1.110.Final.jar;C:\Users\Youssouf\.m2\repository\io\netty\netty-codec-http2\4.1.110.Final\netty-codec-http2-4.1.110.Final.jar;C:\Users\Youssouf\.m2\repository\io\projectreactor\netty\incubator\reactor-netty-incubator-quic\0.1.19\reactor-netty-incubator-quic-0.1.19.jar;C:\Users\Youssouf\.m2\repository\io\netty\incubator\netty-incubator-codec-native-quic\0.0.62.Final\netty-incubator-codec-native-quic-0.0.62.Final-linux-x86_64.jar;C:\Users\Youssouf\.m2\repository\io\netty\incubator\netty-incubator-codec-classes-quic\0.0.62.Final\netty-incubator-codec-classes-quic-0.0.62.Final.jar;C:\Users\Youssouf\.m2\repository\org\apache\commons\commons-configuration2\2.11.0\commons-configuration2-2.11.0.jar;C:\Users\Youssouf\.m2\repository\org\apache\commons\commons-text\1.12.0\commons-text-1.12.0.jar;C:\Users\Youssouf\.m2\repository\com\vaadin\hilla\24.5.4\hilla-24.5.4.jar;C:\Users\Youssouf\.m2\repository\com\vaadin\hilla-endpoint\24.5.4\hilla-endpoint-24.5.4.jar;C:\Users\Youssouf\.m2\repository\com\vaadin\hilla-engine-core\24.5.4\hilla-engine-core-24.5.4.jar;C:\Users\Youssouf\.m2\repository\com\vaadin\hilla-parser-jvm-core\24.5.4\hilla-parser-jvm-core-24.5.4.jar;C:\Users\Youssouf\.m2\repository\io\github\classgraph\classgraph\4.8.176\classgraph-4.8.176.jar;C:\Users\Youssouf\.m2\repository\com\fasterxml\jackson\dataformat\jackson-dataformat-yaml\2.17.1\jackson-dataformat-yaml-2.17.1.jar;C:\Users\Youssouf\.m2\repository\com\vaadin\hilla-parser-jvm-plugin-backbone\24.5.4\hilla-parser-jvm-plugin-backbone-24.5.4.jar;C:\Users\Youssouf\.m2\repository\com\vaadin\hilla-parser-jvm-plugin-nonnull\24.5.4\hilla-parser-jvm-plugin-nonnull-24.5.4.jar;C:\Users\Youssouf\.m2\repository\com\vaadin\hilla-parser-jvm-plugin-subtypes\24.5.4\hilla-parser-jvm-plugin-subtypes-24.5.4.jar;C:\Users\Youssouf\.m2\repository\com\vaadin\hilla-parser-jvm-plugin-model\24.5.4\hilla-parser-jvm-plugin-model-24.5.4.jar;C:\Users\Youssouf\.m2\repository\com\vaadin\hilla-parser-jvm-plugin-transfertypes\24.5.4\hilla-parser-jvm-plugin-transfertypes-24.5.4.jar;C:\Users\Youssouf\.m2\repository\io\projectreactor\reactor-core\3.6.6\reactor-core-3.6.6.jar;C:\Users\Youssouf\.m2\repository\org\reactivestreams\reactive-streams\1.0.4\reactive-streams-1.0.4.jar;C:\Users\Youssouf\.m2\repository\org\springframework\security\spring-security-core\6.3.0\spring-security-core-6.3.0.jar;C:\Users\Youssouf\.m2\repository\org\springframework\security\spring-security-crypto\6.3.0\spring-security-crypto-6.3.0.jar;C:\Users\Youssouf\.m2\repository\com\github\javaparser\javaparser-symbol-solver-core\3.26.2\javaparser-symbol-solver-core-3.26.2.jar;C:\Users\Youssouf\.m2\repository\com\vaadin\hilla-parser-jvm-utils\24.5.4\hilla-parser-jvm-utils-24.5.4.jar;C:\Users\Youssouf\.m2\repository\io\swagger\core\v3\swagger-core\2.2.22\swagger-core-2.2.22.jar;C:\Users\Youssouf\.m2\repository\io\swagger\core\v3\swagger-annotations\2.2.22\swagger-annotations-2.2.22.jar;C:\Users\Youssouf\.m2\repository\io\swagger\core\v3\swagger-models\2.2.22\swagger-models-2.2.22.jar;C:\Users\Youssouf\.m2\repository\com\vaadin\hilla-runtime-plugin-transfertypes\24.5.4\hilla-runtime-plugin-transfertypes-24.5.4.jar;C:\Users\Youssouf\.m2\repository\com\vaadin\hilla-engine-runtime\24.5.4\hilla-engine-runtime-24.5.4.jar;C:\Users\Youssouf\.m2\repository\dev\langchain4j\langchain4j\0.35.0\langchain4j-0.35.0.jar;C:\Users\Youssouf\.m2\repository\dev\langchain4j\langchain4j-core\0.35.0\langchain4j-core-0.35.0.jar;C:\Users\Youssouf\.m2\repository\org\apache\opennlp\opennlp-tools\1.9.4\opennlp-tools-1.9.4.jar;C:\Users\Youssouf\.m2\repository\org\slf4j\slf4j-api\2.0.13\slf4j-api-2.0.13.jar;C:\Users\Youssouf\.m2\repository\dev\langchain4j\langchain4j-ollama\0.35.0\langchain4j-ollama-0.35.0.jar;C:\Users\Youssouf\.m2\repository\com\squareup\retrofit2\retrofit\2.9.0\retrofit-2.9.0.jar;C:\Users\Youssouf\.m2\repository\com\squareup\retrofit2\converter-jackson\2.9.0\converter-jackson-2.9.0.jar;C:\Users\Youssouf\.m2\repository\com\fasterxml\jackson\core\jackson-databind\2.17.1\jackson-databind-2.17.1.jar;C:\Users\Youssouf\.m2\repository\com\fasterxml\jackson\core\jackson-annotations\2.17.1\jackson-annotations-2.17.1.jar;C:\Users\Youssouf\.m2\repository\com\fasterxml\jackson\core\jackson-core\2.17.1\jackson-core-2.17.1.jar;C:\Users\Youssouf\.m2\repository\com\squareup\okhttp3\okhttp\4.12.0\okhttp-4.12.0.jar;C:\Users\Youssouf\.m2\repository\com\squareup\okio\okio\3.6.0\okio-3.6.0.jar;C:\Users\Youssouf\.m2\repository\com\squareup\okio\okio-jvm\3.6.0\okio-jvm-3.6.0.jar;C:\Users\Youssouf\.m2\repository\org\jetbrains\kotlin\kotlin-stdlib-common\1.9.24\kotlin-stdlib-common-1.9.24.jar;C:\Users\Youssouf\.m2\repository\org\jetbrains\kotlin\kotlin-stdlib-jdk8\1.9.24\kotlin-stdlib-jdk8-1.9.24.jar;C:\Users\Youssouf\.m2\repository\org\jetbrains\kotlin\kotlin-stdlib\1.9.24\kotlin-stdlib-1.9.24.jar;C:\Users\Youssouf\.m2\repository\org\jetbrains\annotations\13.0\annotations-13.0.jar;C:\Users\Youssouf\.m2\repository\org\jetbrains\kotlin\kotlin-stdlib-jdk7\1.9.24\kotlin-stdlib-jdk7-1.9.24.jar;C:\Users\Youssouf\.m2\repository\dev\langchain4j\langchain4j-ollama-spring-boot-starter\0.35.0\langchain4j-ollama-spring-boot-starter-0.35.0.jar;C:\Users\Youssouf\.m2\repository\dev\langchain4j\langchain4j-embeddings-all-minilm-l6-v2\0.35.0\langchain4j-embeddings-all-minilm-l6-v2-0.35.0.jar;C:\Users\Youssouf\.m2\repository\dev\langchain4j\langchain4j-embeddings\0.35.0\langchain4j-embeddings-0.35.0.jar;C:\Users\Youssouf\.m2\repository\com\microsoft\onnxruntime\onnxruntime\1.17.1\onnxruntime-1.17.1.jar;C:\Users\Youssouf\.m2\repository\ai\djl\api\0.28.0\api-0.28.0.jar;C:\Users\Youssouf\.m2\repository\net\java\dev\jna\jna\5.14.0\jna-5.14.0.jar;C:\Users\Youssouf\.m2\repository\org\apache\commons\commons-compress\1.26.1\commons-compress-1.26.1.jar;C:\Users\Youssouf\.m2\repository\org\apache\commons\commons-lang3\3.14.0\commons-lang3-3.14.0.jar;C:\Users\Youssouf\.m2\repository\ai\djl\huggingface\tokenizers\0.28.0\tokenizers-0.28.0.jar;C:\Users\Youssouf\.m2\repository\dev\langchain4j\langchain4j-document-parser-apache-pdfbox\0.35.0\langchain4j-document-parser-apache-pdfbox-0.35.0.jar;C:\Users\Youssouf\.m2\repository\org\apache\pdfbox\pdfbox\2.0.30\pdfbox-2.0.30.jar;C:\Users\Youssouf\.m2\repository\org\apache\pdfbox\fontbox\2.0.30\fontbox-2.0.30.jar;C:\Users\Youssouf\.m2\repository\org\postgresql\postgresql\42.7.3\postgresql-42.7.3.jar;C:\Users\Youssouf\.m2\repository\org\checkerframework\checker-qual\3.42.0\checker-qual-3.42.0.jar;C:\Users\Youssouf\.m2\repository\com\h2database\h2\2.2.224\h2-2.2.224.jar;C:\Users\Youssouf\.m2\repository\org\projectlombok\lombok\1.18.32\lombok-1.18.32.jar;C:\Users\Youssouf\.m2\repository\org\springframework\boot\spring-boot-devtools\3.3.0\spring-boot-devtools-3.3.0.jar;C:\Users\Youssouf\.m2\repository\org\springframework\boot\spring-boot\3.3.0\spring-boot-3.3.0.jar;C:\Users\Youssouf\.m2\repository\org\springframework\boot\spring-boot-autoconfigure\3.3.0\spring-boot-autoconfigure-3.3.0.jar;C:\Users\Youssouf\.m2\repository\dev\langchain4j\langchain4j-pgvector\0.35.0\langchain4j-pgvector-0.35.0.jar;C:\Users\Youssouf\.m2\repository\com\pgvector\pgvector\0.1.4\pgvector-0.1.4.jar;C:\Users\Youssouf\.m2\repository\com\google\cloud\google-cloud-speech\4.12.0\google-cloud-speech-4.12.0.jar;C:\Users\Youssouf\.m2\repository\com\google\api\grpc\proto-google-cloud-speech-v1p1beta1\2.12.0\proto-google-cloud-speech-v1p1beta1-2.12.0.jar;C:\Users\Youssouf\.m2\repository\com\google\api\grpc\proto-google-cloud-speech-v2\4.12.0\proto-google-cloud-speech-v2-4.12.0.jar;C:\Users\Youssouf\.m2\repository\com\google\api\grpc\proto-google-iam-v1\1.13.0\proto-google-iam-v1-1.13.0.jar;C:\Users\Youssouf\.m2\repository\com\google\api\grpc\proto-google-cloud-speech-v1beta1\2.12.0\proto-google-cloud-speech-v1beta1-2.12.0.jar;C:\Users\Youssouf\.m2\repository\com\google\api\grpc\proto-google-cloud-speech-v1\4.12.0\proto-google-cloud-speech-v1-4.12.0.jar;C:\Users\Youssouf\.m2\repository\com\google\api\api-common\2.10.0\api-common-2.10.0.jar;C:\Users\Youssouf\.m2\repository\com\google\auto\value\auto-value-annotations\1.10.1\auto-value-annotations-1.10.1.jar;C:\Users\Youssouf\.m2\repository\com\google\code\findbugs\jsr305\3.0.2\jsr305-3.0.2.jar;C:\Users\Youssouf\.m2\repository\javax\annotation\javax.annotation-api\1.3.2\javax.annotation-api-1.3.2.jar;C:\Users\Youssouf\.m2\repository\com\google\errorprone\error_prone_annotations\2.18.0\error_prone_annotations-2.18.0.jar;C:\Users\Youssouf\.m2\repository\com\google\guava\guava\31.1-jre\guava-31.1-jre.jar;C:\Users\Youssouf\.m2\repository\com\google\guava\failureaccess\1.0.1\failureaccess-1.0.1.jar;C:\Users\Youssouf\.m2\repository\com\google\guava\listenablefuture\9999.0-empty-to-avoid-conflict-with-guava\listenablefuture-9999.0-empty-to-avoid-conflict-with-guava.jar;C:\Users\Youssouf\.m2\repository\com\google\j2objc\j2objc-annotations\1.3\j2objc-annotations-1.3.jar;C:\Users\Youssouf\.m2\repository\io\grpc\grpc-api\1.54.0\grpc-api-1.54.0.jar;C:\Users\Youssouf\.m2\repository\io\grpc\grpc-context\1.54.0\grpc-context-1.54.0.jar;C:\Users\Youssouf\.m2\repository\io\grpc\grpc-stub\1.54.0\grpc-stub-1.54.0.jar;C:\Users\Youssouf\.m2\repository\io\grpc\grpc-protobuf\1.54.0\grpc-protobuf-1.54.0.jar;C:\Users\Youssouf\.m2\repository\io\grpc\grpc-protobuf-lite\1.54.0\grpc-protobuf-lite-1.54.0.jar;C:\Users\Youssouf\.m2\repository\com\google\protobuf\protobuf-java\3.21.12\protobuf-java-3.21.12.jar;C:\Users\Youssouf\.m2\repository\com\google\api\grpc\proto-google-common-protos\2.18.0\proto-google-common-protos-2.18.0.jar;C:\Users\Youssouf\.m2\repository\com\google\api\gax\2.27.0\gax-2.27.0.jar;C:\Users\Youssouf\.m2\repository\com\google\auth\google-auth-library-credentials\1.16.0\google-auth-library-credentials-1.16.0.jar;C:\Users\Youssouf\.m2\repository\io\opencensus\opencensus-api\0.31.1\opencensus-api-0.31.1.jar;C:\Users\Youssouf\.m2\repository\com\google\auth\google-auth-library-oauth2-http\1.16.0\google-auth-library-oauth2-http-1.16.0.jar;C:\Users\Youssouf\.m2\repository\com\google\api\gax-grpc\2.27.0\gax-grpc-2.27.0.jar;C:\Users\Youssouf\.m2\repository\io\grpc\grpc-alts\1.54.0\grpc-alts-1.54.0.jar;C:\Users\Youssouf\.m2\repository\io\grpc\grpc-grpclb\1.54.0\grpc-grpclb-1.54.0.jar;C:\Users\Youssouf\.m2\repository\org\conscrypt\conscrypt-openjdk-uber\2.5.2\conscrypt-openjdk-uber-2.5.2.jar;C:\Users\Youssouf\.m2\repository\io\grpc\grpc-auth\1.54.0\grpc-auth-1.54.0.jar;C:\Users\Youssouf\.m2\repository\io\grpc\grpc-netty-shaded\1.54.0\grpc-netty-shaded-1.54.0.jar;C:\Users\Youssouf\.m2\repository\io\perfmark\perfmark-api\0.26.0\perfmark-api-0.26.0.jar;C:\Users\Youssouf\.m2\repository\io\grpc\grpc-core\1.54.0\grpc-core-1.54.0.jar;C:\Users\Youssouf\.m2\repository\com\google\android\annotations\4.1.1.4\annotations-4.1.1.4.jar;C:\Users\Youssouf\.m2\repository\org\codehaus\mojo\animal-sniffer-annotations\1.23\animal-sniffer-annotations-1.23.jar;C:\Users\Youssouf\.m2\repository\io\grpc\grpc-googleapis\1.54.0\grpc-googleapis-1.54.0.jar;C:\Users\Youssouf\.m2\repository\io\grpc\grpc-xds\1.54.0\grpc-xds-1.54.0.jar;C:\Users\Youssouf\.m2\repository\io\opencensus\opencensus-proto\0.2.0\opencensus-proto-0.2.0.jar;C:\Users\Youssouf\.m2\repository\io\grpc\grpc-services\1.54.0\grpc-services-1.54.0.jar;C:\Users\Youssouf\.m2\repository\com\google\re2j\re2j\1.6\re2j-1.6.jar;C:\Users\Youssouf\.m2\repository\com\google\api\gax-httpjson\0.112.0\gax-httpjson-0.112.0.jar;C:\Users\Youssouf\.m2\repository\com\google\code\gson\gson\2.10.1\gson-2.10.1.jar;C:\Users\Youssouf\.m2\repository\com\google\http-client\google-http-client\1.43.1\google-http-client-1.43.1.jar;C:\Users\Youssouf\.m2\repository\org\apache\httpcomponents\httpclient\4.5.14\httpclient-4.5.14.jar;C:\Users\Youssouf\.m2\repository\commons-logging\commons-logging\1.2\commons-logging-1.2.jar;C:\Users\Youssouf\.m2\repository\commons-codec\commons-codec\1.16.1\commons-codec-1.16.1.jar;C:\Users\Youssouf\.m2\repository\org\apache\httpcomponents\httpcore\4.4.16\httpcore-4.4.16.jar;C:\Users\Youssouf\.m2\repository\io\opencensus\opencensus-contrib-http-util\0.31.1\opencensus-contrib-http-util-0.31.1.jar;C:\Users\Youssouf\.m2\repository\com\google\http-client\google-http-client-gson\1.43.1\google-http-client-gson-1.43.1.jar;C:\Users\Youssouf\.m2\repository\com\google\protobuf\protobuf-java-util\3.21.12\protobuf-java-util-3.21.12.jar;C:\Users\Youssouf\.m2\repository\org\threeten\threetenbp\1.6.8\threetenbp-1.6.8.jar;C:\Users\Youssouf\.m2\repository\jakarta\xml\bind\jakarta.xml.bind-api\4.0.2\jakarta.xml.bind-api-4.0.2.jar;C:\Users\Youssouf\.m2\repository\jakarta\activation\jakarta.activation-api\2.1.3\jakarta.activation-api-2.1.3.jar;C:\Users\Youssouf\.m2\repository\com\vaadin\external\google\android-json\0.0.20131108.vaadin1\android-json-0.0.20131108.vaadin1.jar;C:\Users\Youssouf\.m2\repository\org\springframework\spring-core\6.1.8\spring-core-6.1.8.jar;C:\Users\Youssouf\.m2\repository\org\springframework\spring-jcl\6.1.8\spring-jcl-6.1.8.jar
Launcher Type: SUN_STANDARD

[Global flags]
     intx CICompilerCount                          = 4                                         {product} {ergonomic}
     uint ConcGCThreads                            = 2                                         {product} {ergonomic}
     uint G1ConcRefinementThreads                  = 8                                         {product} {ergonomic}
   size_t G1HeapRegionSize                         = 2097152                                   {product} {ergonomic}
    uintx GCDrainStackTargetSize                   = 64                                        {product} {ergonomic}
   size_t InitialHeapSize                          = 197132288                                 {product} {ergonomic}
   size_t MarkStackSize                            = 4194304                                   {product} {ergonomic}
   size_t MaxHeapSize                              = 3135242240                                {product} {ergonomic}
   size_t MaxNewSize                               = 1881145344                                {product} {ergonomic}
   size_t MinHeapDeltaBytes                        = 2097152                                   {product} {ergonomic}
   size_t MinHeapSize                              = 8388608                                   {product} {ergonomic}
    uintx NonNMethodCodeHeapSize                   = 5839372                                {pd product} {ergonomic}
    uintx NonProfiledCodeHeapSize                  = 122909434                              {pd product} {ergonomic}
    uintx ProfiledCodeHeapSize                     = 122909434                              {pd product} {ergonomic}
    uintx ReservedCodeCacheSize                    = 251658240                              {pd product} {ergonomic}
     bool SegmentedCodeCache                       = true                                      {product} {ergonomic}
   size_t SoftMaxHeapSize                          = 3135242240                             {manageable} {ergonomic}
     bool UseCompressedOops                        = true                           {product lp64_product} {ergonomic}
     bool UseG1GC                                  = true                                      {product} {ergonomic}
     bool UseLargePagesIndividualAllocation        = false                                  {pd product} {ergonomic}

Logging:
Log output configuration:
 #0: stdout all=warning uptime,level,tags foldmultilines=false
 #1: stderr all=off uptime,level,tags foldmultilines=false

Environment Variables:
PATH=C:\Program Files\Common Files\Oracle\Java\javapath;C:\Program Files (x86)\Common Files\Oracle\Java\java8path;C:\Program Files (x86)\Common Files\Oracle\Java\javapath;C:\Program Files\MongoDB\Server\7.0\bin;C:\Program Files\Microsoft SQL Server\150\Tools\Binn\;C:\Program Files\dotnet\;C:\Program Files\nodejs\;C:\WINDOWS\system32;C:\WINDOWS;C:\WINDOWS\System32\Wbem;C:\WINDOWS\System32\WindowsPowerShell\v1.0\;C:\WINDOWS\System32\OpenSSH\;C:\Qt2\Tools\QtCreator\bin;C:\Program Files\Microsoft SQL Server\Client SDK\ODBC\170\Tools\Binn\;C:\Program Files (x86)\Windows Kits\10\Windows Performance Toolkit\;C:\Program Files\Docker\Docker\resources\bin;C:\Users\Youssouf\anaconda3;C:\Users\Youssouf\anaconda3\Library\mingw-w64\bin;C:\Users\Youssouf\anaconda3\Library\usr\bin;C:\Users\Youssouf\anaconda3\Library\bin;C:\Users\Youssouf\anaconda3\Scripts;C:\Users\Youssouf\AppData\Local\Programs\Python\Launcher\;C:\Program Files\MongoDB\Server\7.0\bin;C:\Users\Youssouf\.dotnet\tools;C:\Users\Youssouf\AppData\Roaming\npm;C:\Users\Youssouf\AppData\Local\Microsoft\WindowsApps;C:\Qt2\Tools\QtCreator\bin;C:\Users\Youssouf\AppData\Local\Programs\Microsoft VS Code\bin;C:\Users\Youssouf\AppData\Local\Programs\Ollama
USERNAME=Youssouf
OS=Windows_NT
PROCESSOR_IDENTIFIER=Intel64 Family 6 Model 140 Stepping 2, GenuineIntel
TMP=C:\Users\Youssouf\AppData\Local\Temp
TEMP=C:\Users\Youssouf\AppData\Local\Temp




Periodic native trim disabled

---------------  S Y S T E M  ---------------

OS:
 Windows 11 , 64 bit Build 26100 (10.0.26100.7705)
OS uptime: 3 days 0:45 hours
Hyper-V role detected

CPU: total 8 (initial active 8) (4 cores per cpu, 2 threads per core) family 6 model 140 stepping 2 microcode 0x2c, cx8, cmov, fxsr, ht, mmx, 3dnowpref, sse, sse2, sse3, ssse3, sse4.1, sse4.2, popcnt, lzcnt, tsc, tscinvbit, avx, avx2, aes, erms, clmul, bmi1, bmi2, adx, avx512f, avx512dq, avx512cd, avx512bw, avx512vl, sha, fma, vzeroupper, avx512_vpopcntdq, avx512_vpclmulqdq, avx512_vaes, avx512_vnni, clflush, clflushopt, clwb, avx512_vbmi2, avx512_vbmi, hv, rdtscp, rdpid, fsrm, gfni, avx512_bitalg, f16c, cet_ibt, cet_ss, avx512_ifma
Processor Information for all 8 processors :
  Max Mhz: 2496, Current Mhz: 2496, Mhz Limit: 2496

Memory: 4k page, system-wide physical 11955M (936M free)
TotalPageFile size 48819M (AvailPageFile size 8M)
current process WorkingSet (physical memory assigned to process): 1647M, peak: 1647M
current process commit charge ("private bytes"): 1915M, peak: 2005M

vm_info: OpenJDK 64-Bit Server VM (21.0.1+12-29) for windows-amd64 JRE (21.0.1+12-29), built on 2023-10-05T13:27:09Z by "mach5one" with MS VC++ 17.1 (VS2022)

END.
